case,start_x,start_y,end_x,end_y,p1x,p1y,p2x,p2y,sample_0_t,sample_0_x,sample_0_y,sample_1_t,sample_1_x,sample_1_y,sample_2_t,sample_2_x,sample_2_y,sample_3_t,sample_3_x,sample_3_y,sample_4_t,sample_4_x,sample_4_y,sample_5_t,sample_5_x,sample_5_y,sample_6_t,sample_6_x,sample_6_y,sample_7_t,sample_7_x,sample_7_y,sample_8_t,sample_8_x,sample_8_y,sample_9_t,sample_9_x,sample_9_y,sample_10_t,sample_10_x,sample_10_y,sample_11_t,sample_11_x,sample_11_y,sample_12_t,sample_12_x,sample_12_y,sample_13_t,sample_13_x,sample_13_y,sample_14_t,sample_14_x,sample_14_y,sample_15_t,sample_15_x,sample_15_y
0,40.467604837756056,20.741814293069808,25.127764960018226,-18.052283907579863,8.806040699767246,64.1915153507054,-99.83081825525773,-76.39455457504765,0.0,40.45377517011927,20.723847782619384,0.06666666666666667,33.21200589114595,27.088206575853928,0.13333333333333333,24.389412440760065,29.222290684436185,0.2,14.716908876818025,27.790887812994004,0.26666666666666666,4.616736737744456,23.499692755775285,0.3333333333333333,-5.338562497984323,17.04735807788302,0.4,-14.607222842640121,9.049532512162084,0.4666666666666667,-22.573397925333822,0.26446884114851243,0.5333333333333333,-28.757267329821488,-8.68785247348851,0.6,-32.57249058238327,-17.117577958413914,0.6666666666666666,-33.46361462182716,-24.271026087783245,0.7333333333333333,-30.896786970157805,-29.55788234828213,0.8,-24.29631266586816,-32.23280186078339,0.8666666666666667,-13.159326849293937,-31.688858357447288,0.9333333333333333,3.147753578314992,-27.148547919429706,1.0,25.135287476643654,-18.06092579933614
1,-63.82487958695724,10.294068970832782,-46.938507794427096,27.779590682713476,-74.66071494934361,-37.92956778618222,39.947666669969486,-18.988148304367268,0.0,-63.85130536989107,10.294607363424175,0.06666666666666667,-64.42410205687327,1.4944412249444525,0.13333333333333333,-62.22146973279022,-5.524103553148735,0.2,-57.9118306613231,-10.874537615603444,0.26666666666666666,-51.9297749483112,-14.714701181292817,0.3333333333333333,-44.94191576338226,-16.984381962741708,0.4,-37.55503923309179,-17.8488178293327,0.4666666666666667,-30.273862388185258,-17.327851197623783,0.5333333333333333,-23.68320031308156,-15.529065557106128,0.6,-18.47767407091288,-12.469250976115353,0.6666666666666666,-15.127665462635411,-8.240652858205237,0.7333333333333333,-14.183813864220108,-2.946328754783083,0.8,-16.398945878983607,3.3595423864953475,0.8666666666666667,-22.13655957227563,10.651761257561903,0.9333333333333333,-32.16143816582195,18.77876132761116,1.0,-46.92093759095788,27.79592804695868
2,-46.04530429132376,12.96084930988981,-28.226066003013983,32.542743016026094,-67.68237619560324,-41.2490327601748,-33.7619704349457,-88.88750972558957,0.0,-46.08304882190492,13.004360342622427,0.06666666666666667,-49.65424189584167,2.2719963246985913,0.13333333333333333,-51.955663689438445,-7.973307564221624,0.2,-53.03624469383894,-17.497332198862747,0.26666666666666666,-53.12377249621837,-25.939483384397718,0.3333333333333333,-52.2603053148447,-33.04814989968788,0.4,-50.67003233792566,-38.54099303690858,0.4666666666666667,-48.57042622736219,-42.10175095643147,0.5333333333333333,-45.99577533586837,-43.51666357121806,0.6,-43.120385590049345,-42.40970681335497,0.6666666666666666,-40.1092165198114,-38.53601435223271,0.7333333333333333,-37.15600285569823,-31.62530226424058,0.8,-34.27182604016921,-21.326637408180993,0.8666666666666667,-31.767312931247574,-7.420429789218461,0.9333333333333333,-29.656111274984735,10.452920113609753,1.0,-28.21494770182582,32.51189253285498
3,-92.62145715660553,74.7885483024316,-33.81344916916251,56.52933393174723,36.86985077577221,98.26126705526359,85.75810042490555,55.300389240266135,0.0,-92.61617275181253,74.81348372185906,0.06666666666666667,-67.83325914803491,78.60921738592633,0.13333333333333333,-45.31770663928683,80.89936891779966,0.2,-25.31320836205972,81.80319536815487,0.26666666666666666,-7.876781800807698,81.51885888227817,0.3333333333333333,6.728183177192972,80.19045702121313,0.4,18.481590846126927,78.14855534876685,0.4666666666666667,27.04324621404112,75.49201928247527,0.5333333333333333,32.476074079040146,72.45042305207484,0.6,34.428987860495326,69.14578700818494,0.6666666666666666,32.85142259581379,65.93538864598399,0.7333333333333333,27.592027639399188,62.86310464815235,0.8,18.43279370937876,60.231988044691136,0.8666666666666667,5.220532974993847,58.13455294750169,0.9333333333333333,-12.140858819064498,56.87409801996145,1.0,-33.805859888046236,56.527875905874374
4,70.17010968579552,56.0577003769649,16.93178607841641,60.79465038518143,83.7118742697602,-53.5179984057321,99.04190001829323,55.69531975607167,0.0,70.12563615505192,56.0188621361908,0.06666666666666667,72.87166629387957,36.97282087434428,0.13333333333333333,75.47473853593895,23.11457771909072,0.2,77.72846443008714,13.98882774487698,0.26666666666666666,79.50198803606439,8.958222633449582,0.3333333333333333,80.63442060383042,7.426673050887469,0.4,80.9165850265766,8.929447759857103,0.4666666666666667,80.21117000327102,12.796148885858438,0.5333333333333333,78.27417785576127,18.44485152266165,0.6,75.04956289566228,25.36881426716656,0.6666666666666666,70.22358929517223,32.92573888354383,0.7333333333333333,63.743281725492196,40.6606084839388,0.8,55.32339309674855,47.80992914330224,0.8666666666666667,44.81326651781341,53.95691845680807,0.9333333333333333,32.071526983567466,58.496136016852695,1.0,16.93374944693989,60.76633839706535
5,69.52296073333878,-85.91017911967265,8.596989002102063,43.681953475661004,-44.2564976838708,34.27101812700087,-37.48124808199555,95.07053003884519,0.0,69.52889362719523,-85.94416783936703,0.06666666666666667,48.37832190370887,-62.66954660817933,0.13333333333333333,30.236728410516562,-41.1572063684159,0.2,15.07164244837631,-21.342778981992314,0.26666666666666666,2.668932949782,-3.4342388782028848,0.3333333333333333,-7.072098350274366,12.529229272755735,0.4,-14.323922053763367,26.422091082508842,0.4666666666666667,-19.28828532828915,38.17491714712498,0.5333333333333333,-21.98876592226301,47.71722262615695,0.6,-22.64085997420238,54.85695961818467,0.6666666666666666,-21.34919335398876,59.64311505036913,0.7333333333333333,-18.341932007557666,61.87560732052827,0.8,-13.67597998127922,61.43062445930561,0.8666666666666667,-7.559651792961327,58.40695867203899,0.9333333333333333,-0.05595274814086002,52.476637120182396,1.0,8.586313106603862,43.65663739925737
6,-83.50392132481896,60.0945779736285,94.18617281601101,-60.893741143727496,19.04998102590339,-91.43105185521638,-36.10987580855267,-5.612490479395558,0.0,-83.49995704065267,60.07677651314874,0.06666666666666667,-64.99253669097043,32.844460327097195,0.13333333333333333,-50.062386047382354,11.25473564900752,0.2,-38.14110785833654,-5.3668498826493725,0.26666666666666666,-28.59656729362864,-17.651527038052627,0.3333333333333333,-20.825758929206597,-26.333638086785058,0.4,-14.198972899392183,-32.03963799774695,0.4666666666666667,-8.078826030662821,-35.448468999527,0.5333333333333333,-1.9500049733187081,-37.247582136204976,0.6,4.902840526525147,-38.05346852964929,0.6666666666666666,12.986872798010662,-38.63622575358679,0.7333333333333333,23.00021090174083,-39.585252005579704,0.8,35.533717270933316,-41.60626099867039,0.8666666666666667,51.148327496461164,-45.410204628076706,0.9333333333333333,70.49569157339795,-51.613343791147365,1.0,94.2249894392822,-60.940037665514645
7,-9.908418652399689,86.48865674305674,-97.97406344661796,75.35006574289065,-9.525611512067616,37.140220270233755,28.352919514609876,-35.930382574540396,0.0,-9.903809813338517,86.46482239685318,0.06666666666666667,-9.371073876958768,76.37584549691448,0.13333333333333333,-8.25357814127331,65.98223576851369,0.2,-6.781687992628113,55.71792044637907,0.26666666666666666,-5.445580099812435,45.8862652561753,0.3333333333333333,-4.4873723192154635,36.91583478507591,0.4,-4.372563276299242,29.218569746916984,0.4666666666666667,-5.352610203510946,23.02344435362196,0.5333333333333333,-7.9109744816015075,18.851495217126587,0.6,-12.283764438501963,16.976894177764855,0.6666666666666666,-18.896126651146087,17.842654310335156,0.7333333333333333,-28.137746942633147,21.728384515850145,0.8,-40.26938587825928,29.04707446992245,0.8666666666666667,-55.730697735466755,40.14492011280994,0.9333333333333333,-74.82553641406099,55.47327894368995,1.0,-97.97119752283257,75.36528554012344
8,-36.99062966305861,43.04720959231378,-45.44075434943162,-81.37951505563537,79.10594093691005,6.730718682185571,-50.472912019061226,6.718997910878872,0.0,-36.987291890243576,43.03597144828176,0.06666666666666667,-16.909370059510675,36.2387517485515,0.13333333333333333,-2.76070229226628,30.16598833231263,0.2,6.2450468282683795,24.64128037415634,0.26666666666666666,10.676865662219896,19.398436867924598,0.3333333333333333,11.313733617702264,14.211959670694089,0.4,8.736614614042676,8.926879102093624,0.4666666666666667,3.651489357705667,3.2691063855540845,0.5333333333333333,-3.189948373815607,-2.943370734847052,0.6,-11.197639072355017,-10.013771905979056,0.6666666666666666,-19.679032493155656,-18.036314108753423,0.7333333333333333,-27.951343479250163,-27.366490429180384,0.8,-35.3501963192397,-38.044579059073826,0.8666666666666667,-41.16740336305619,-50.50904389742081,0.9333333333333333,-44.78416275150759,-64.90236148064876,1.0,-45.4303056238982,-81.36054197584609
9,-28.668825612094068,-73.68937025890119,-15.006256841898804,-7.557500790559985,-36.61640346609288,-80.38222436684434,-17.687269316475906,-12.687478100268478,0.0,-28.672679507297094,-73.6657621562985,0.06666666666666667,-29.892662568931822,-74.10814056677268,0.13333333333333333,-30.522892827270603,-72.74029606437122,0.2,-30.598645018428762,-69.89107214009029,0.26666666666666666,-30.10395874770303,-65.79186097447217,0.3333333333333333,-29.231695333517514,-60.615231993300206,0.4,-28.052346643547605,-54.73209700270421,0.4666666666666667,-26.62188270863376,-48.40263452008496,0.5333333333333333,-25.008100392665554,-41.68706925318946,0.6,-23.264415386559158,-35.01910565881053,0.6666666666666666,-21.494595582149255,-28.459178624289653,0.7333333333333333,-19.79973977782981,-22.402563654935133,0.8,-18.21209292987899,-17.050893203711883,0.8666666666666667,-16.858552159761874,-12.635626995484387,0.9333333333333333,-15.752864872362126,-9.371057067865449,1.0,-15.005282167052492,-7.576871795820334
10,53.320737557466316,-54.285631308979546,49.957484674436614,-96.21757885672355,-52.65061767135134,82.76501461068058,-43.64392328847592,37.31774487098381,0.0,53.323801439728214,-54.271127702213406,0.06666666666666667,33.63068868557124,-29.294611108566194,0.13333333333333333,16.97882023558726,-9.004939033451809,0.2,3.2984764498153947,6.828366400336753,0.26666666666666666,-7.500870701765997,18.213090382187286,0.3333333333333333,-15.421236766150676,25.41324281504782,0.4,-20.620106253772953,28.632450987417695,0.4666666666666667,-23.00310230555974,27.969970380582588,0.5333333333333333,-22.73753289065061,23.588956041987398,0.6,-19.829735201665297,15.686949479893622,0.6666666666666666,-14.300013755909736,4.442734489995767,0.7333333333333333,-6.285313678754263,-9.987347694460727,0.8,4.173885590818925,-27.413072622409892,0.8666666666666667,17.096816540645264,-47.688588825882654,0.9333333333333333,32.37227679650587,-70.74297886569799,1.0,49.9248642449446,-96.25508016540077
11,-51.799373337108264,81.42838432339366,-79.52715110871745,-28.757002660719237,60.03528072073766,24.63245983111115,63.99367404128998,-18.97235655464322,0.0,-51.807262911766145,81.41754028602307,0.06666666666666667,-30.88275418102228,70.2733476533555,0.13333333333333333,-12.936543528740264,59.47406535884564,0.2,2.0706512999158977,49.117350728904675,0.26666666666666666,13.909675385568658,39.186833290277825,0.3333333333333333,22.592828757882028,29.81469441759449,0.4,28.098118928437923,20.876282706121877,0.4666666666666667,30.24028844009137,12.62841295269554,0.5333333333333333,29.084461756049066,4.9126467197316135,0.6,24.450823520048225,-2.063076234359866,0.6666666666666666,16.29646511082642,-8.456700241041471,0.7333333333333333,4.586354226082209,-14.108065453884528,0.8,-10.806453522957442,-18.999673724889703,0.8666666666666667,-29.877105538452405,-23.08716593342557,0.9333333333333333,-52.79031978285201,-26.336144421230333,1.0,-79.54529919919982,-28.77759370217435
12,13.13848977208903,-24.863471073477555,64.5169544755606,-2.0686019169132663,59.29308814699548,-81.09754933485978,66.01182860082847,-25.878962636407827,0.0,13.117660480399438,-24.867134622481107,0.06666666666666667,21.89932850764833,-34.66516330901204,0.13333333333333333,29.577253829138954,-41.789103078414485,0.2,36.33690634262786,-46.36428060971707,0.26666666666666666,42.22180742479961,-48.77483945537163,0.3333333333333333,47.296787937492766,-49.22886024078852,0.4,51.57911019412092,-47.98538225403756,0.4666666666666667,55.18317896994831,-45.264075127308274,0.5333333333333333,58.08352739420159,-41.44026381144694,0.6,60.37052683287155,-36.578747356995166,0.6666666666666666,62.10520107398726,-31.039218387222732,0.7333333333333333,63.39863996040216,-25.146024437381342,0.8,64.15832361688196,-18.983563061630093,0.8666666666666667,64.61771358945946,-12.902363811261687,0.9333333333333333,64.65749278235847,-7.189443788983173,1.0,64.52860555076151,-2.0604452607448636
13,-95.61178946447046,-57.6773122670821,56.97026902043453,92.17354404872674,-64.12725909515017,-32.4784004876963,-77.12443857025066,-23.73011507216814,0.0,-95.6574350426812,-57.674565504516444,0.06666666666666667,-89.84704820261045,-52.814921917392205,0.13333333333333333,-84.93811840557757,-48.15052506114728,0.2,-80.52122802459911,-43.5443241524119,0.26666666666666666,-76.32058273369631,-38.69390643895814,0.3333333333333333,-71.82380273274175,-33.40100838369916,0.4,-66.91481369592516,-27.429951266118525,0.4666666666666667,-61.12374493242145,-20.565122978294717,0.5333333333333333,-54.1519421030079,-12.6636467736663,0.6,-45.57592857050422,-3.3894575648747565,0.6666666666666666,-35.20810961365893,7.42234880731737,0.7333333333333333,-22.581364846345775,19.980845775089595,0.8,-7.331926939339128,34.48247941858947,0.8666666666666667,10.724213387798212,51.240893878898085,0.9333333333333333,32.0354725663664,70.38796691173657,1.0,56.96400025178303,92.17289020537301
14,-62.453246577590434,-22.964100770083945,-15.061848669213674,6.535615123589736,86.25195300664842,-58.88289849940456,6.861165346835956,-66.8572306668957,0.0,-62.44847967171285,-22.95589617812536,0.06666666666666667,-35.69025210422731,-29.760236784962387,0.13333333333333333,-14.486518934506561,-35.7139243324939,0.2,1.6926128131838187,-40.728658752884996,0.26666666666666666,13.270430892987285,-44.695917269682816,0.3333333333333333,20.79040889165586,-47.60435796661029,0.4,24.824713058219956,-49.24195358300367,0.4666666666666667,25.7268894884599,-49.576164629375796,0.5333333333333333,24.15876972389496,-48.49368175746704,0.6,20.524668638841217,-45.885871536966164,0.6666666666666666,15.439585118816872,-41.72780890596544,0.7333333333333333,9.32908002358197,-35.82715022485894,0.8,2.704102312027639,-28.155858504452844,0.8666666666666667,-3.9067535551073527,-18.588264964612137,0.9333333333333333,-9.996384902430908,-7.090402316348,1.0,-15.093059320591168,6.5342550151991095
15,92.89942499947477,-85.05798810638146,4.033861227282529,-82.31435643608071,1.0812647665390132,-50.79907347092239,-54.884311460217496,75.29061271606972,0.0,92.906774536651,-85.04211034269122,0.06666666666666667,74.99614169036327,-77.08898114472406,0.13333333333333333,58.28228405948947,-67.31269308064246,0.2,42.746383059452214,-56.51998460406386,0.26666666666666666,28.599225631441694,-45.18988150760365,0.3333333333333333,15.955668006764576,-34.08275160219026,0.4,4.996594780716959,-23.926572023518172,0.4666666666666667,-4.216581500284341,-15.261067595760698,0.5333333333333333,-11.419924117101955,-8.855061731165803,0.6,-16.580207348829575,-5.30315084666804,0.6666666666666666,-19.479223218907286,-5.351783811156285,0.7333333333333333,-20.110360384233726,-9.625277750135812,0.8,-18.181003463861394,-18.799512137369106,0.8666666666666667,-13.577654592447415,-33.52454503294757,0.9333333333333333,-6.269061924371177,-54.48781395559265,1.0,4.071860481268544,-82.29989872856936
16,-22.82390336142433,63.76050826355856,58.70946157447341,44.1969298092684,13.378332645113916,91.51465333822684,58.47606329534502,18.98485004171634,0.0,-22.806895342068717,63.75959698961406,0.06666666666666667,-15.466037379394274,68.01375263319781,0.13333333333333333,-7.9940966375735,69.95073017409942,0.2,-0.42978060976343085,69.98653008802548,0.26666666666666666,7.017581543783008,68.32272713992876,0.3333333333333333,14.314846483062885,65.40939032906816,0.4,21.442983277410082,61.62422400576328,0.4666666666666667,28.180107109027126,57.22945016935515,0.5333333333333333,34.54893234746136,52.61667096232752,0.6,40.381519386000036,48.20018890306837,0.6666666666666666,45.49300293022416,44.23437105933284,0.7333333333333333,49.961059690605744,41.13021334907986,0.8,53.610576592838065,39.21222476661041,0.8666666666666667,56.360733513595925,38.83928018122299,0.9333333333333333,58.09378082890323,40.37314784187955,1.0,58.68608986391884,44.2121398381125
17,-67.22041739532625,65.42269665542699,41.9512254329654,-27.669186150282684,-30.578343237972003,-49.88107827492862,-33.321326596873355,-84.8587699642458,0.0,-67.22781175460727,65.42103979299063,0.06666666666666667,-60.403359419954484,43.431057015438704,0.13333333333333333,-54.38411933637846,23.619533640003397,0.2,-49.044620677253306,5.982399336534805,0.26666666666666666,-44.05420759473042,-9.454281237383771,0.3333333333333333,-39.36183005965293,-22.67807975886895,0.4,-34.654585287463114,-33.639509592382,0.4666666666666667,-29.69690429490439,-42.305120567185284,0.5333333333333333,-24.41281405155385,-48.726333505027796,0.6,-18.429991707314425,-52.81751323051126,0.6666666666666666,-11.66213492141346,-54.579106025771395,0.7333333333333333,-3.855895455230812,-53.9918345796575,0.8,5.229886288369671,-50.98870141389151,0.8666666666666667,15.717279183373254,-45.665720908451824,0.9333333333333333,27.86310252092639,-37.89110231976555,1.0,41.99120839331123,-27.658982757558384
18,4.3746121975276395,72.71984413131233,-86.91765960765947,78.28901100671533,63.53060451583873,77.53599745872695,-24.153484428581063,-13.192723157055962,0.0,4.361923776859793,72.70695598374277,0.06666666666666667,14.275589436374403,72.46009543027364,0.13333333333333333,20.619579095127058,70.19380446325805,0.2,23.609682407581566,66.35983274169338,0.26666666666666666,23.638267650986027,61.47844761856671,0.3333333333333333,20.932293120209227,55.96562400711385,0.4,15.884645776580124,50.41251866601871,0.4666666666666667,8.728692424488074,45.276137630300276,0.5333333333333333,-0.22134278773440896,41.06373564534307,0.6,-10.611768810505387,38.19136235150066,0.6666666666666666,-22.247890681920328,37.240966383360565,0.7333333333333333,-34.63746615473611,38.69928773117033,0.8,-47.65763698803181,43.05249446157122,0.8666666666666667,-60.890182422965715,50.741707200926285,0.9333333333333333,-74.06431440254308,62.32850309524051,1.0,-86.93756520948823,78.29266966382538
19,82.71058027342352,-66.37142734263857,98.5559536311616,-8.244199587389517,54.66431456752301,74.84981617089021,37.16369120911323,36.2686240698002,0.0,82.70314225951145,-66.33905907430766,0.06666666666666667,77.25579215709472,-40.46873214701653,0.13333333333333333,72.21874698901988,-19.06235461469582,0.2,67.7097662469709,-1.8345199481322139,0.26666666666666666,63.81273584505576,11.55106505918783,0.3333333333333333,60.71899290897218,21.335358881075308,0.4,58.47056543537673,27.936133774452276,0.4666666666666667,57.31000018385507,31.550062878442922,0.5333333333333333,57.167881385663705,32.52617816479111,0.6,58.38346183005356,31.201824847257136,0.6666666666666666,60.944399056569274,27.84220994209608,0.7333333333333333,64.98018587782373,22.79270203423596,0.8,70.64012490411966,16.367916200753225,0.8666666666666667,78.04861926627333,8.822454526567412,0.9333333333333333,87.29851303840147,0.5418892797437452,1.0,98.52355153597259,-8.266609279740944
20,35.87502990724346,27.973353279274036,74.23746539379448,51.67673812509034,2.9678415528546487,43.32264874078978,-44.37509796404783,-81.61708954216381,0.0,35.86534826756432,27.95195957949741,0.06666666666666667,29.14085289161564,29.277623256959334,0.13333333333333333,22.359223588030464,27.59327233768454,0.2,15.8573258834159,23.537517934645663,0.26666666666666666,9.877716945821698,17.89947186521653,0.3333333333333333,4.817497542858123,11.295821044453156,0.4,1.0456859246974894,4.559007621540836,0.4666666666666667,-1.2719007914716787,-1.6907064682127206,0.5333333333333333,-1.7528880890234437,-6.724623370217704,0.6,-0.012053367106732247,-9.84438232828491,0.6666666666666666,4.267271365872683,-10.282631240771943,0.7333333333333333,11.349735085214117,-7.424875116296412,0.8,21.5228175967209,-0.4851411932167317,0.8666666666666667,35.227286550686685,11.171718014916994,0.9333333333333333,52.67385059070522,28.336795116927096,1.0,74.2353746610521,51.6616517997202
21,59.3329012643631,-73.15002934813795,-34.023184945300656,-90.88065345732534,16.866350393258106,-77.12879160475983,-12.451030020386202,-82.14051650879166,0.0,59.35729991220222,-73.16912004905443,0.06666666666666667,51.03203824452422,-73.95535886078875,0.13333333333333333,43.019379996669976,-74.81636032631611,0.2,35.41423752755594,-75.67388174999525,0.26666666666666666,28.041149704526838,-76.608804746881,0.3333333333333333,21.03498208261142,-77.5545121736445,0.4,14.31977951896212,-78.60764926735928,0.4666666666666667,7.939243211369758,-79.68538377289539,0.5333333333333333,1.8084155270354898,-80.79531431517438,0.6,-4.073366672812987,-81.98770296665676,0.6666666666666666,-9.649681806604445,-83.28882735309203,0.7333333333333333,-15.025064693214876,-84.66539133117647,0.8,-20.112592115154055,-86.04531434818708,0.8666666666666667,-24.993403553807326,-87.58415677446591,0.9333333333333333,-29.5904915878899,-89.16180599668584,1.0,-34.049645508752896,-90.87604328928303
22,82.35125058694607,9.44839057418308,36.57586069016389,95.99206310486937,-36.69363209228827,35.30847990340442,42.66640070641744,73.07272361434833,0.0,82.33530469818771,9.45180151080813,0.06666666666666667,61.11108685950758,14.757133110634593,0.13333333333333333,44.65765994607668,20.387704999316327,0.2,32.472458096185235,26.184280513742863,0.26666666666666666,24.02823658822848,32.15923295280493,0.3333333333333333,18.94078533400431,38.286221532608685,0.4,16.55861535404987,44.48510613213547,0.4666666666666667,16.47545090846068,50.71639247395652,0.5333333333333333,18.111472066208034,56.91484678934806,0.6,21.03365591118667,63.05901608690314,0.6666666666666666,24.69264483279232,69.10625892364475,0.7333333333333333,28.59611326541104,75.01839127079927,0.8,32.25485835285109,80.68822117952989,0.8666666666666667,35.15660971452756,86.09135613702692,0.9333333333333333,36.715997934747946,91.21521768160832,1.0,36.58132397831571,95.96763700780417
23,22.120347441920245,-54.852506006782065,-74.49089245806499,-9.88071692488623,-55.48215530784509,10.157793438913362,-53.192339091076576,58.06171815286862,0.0,22.13379479260959,-54.87784853905171,0.06666666666666667,7.633118870114951,-42.123297959249435,0.13333333333333333,-4.892591393247335,-29.992454021968634,0.2,-15.67885069197994,-18.675197937954483,0.26666666666666666,-24.87578106244381,-8.367504407398382,0.3333333333333333,-32.69689324133482,0.8014065646649229,0.4,-39.28120531415628,8.607719189810222,0.4666666666666667,-44.830114233642625,14.958310245558488,0.5333333333333333,-49.569533198102896,19.58530110765614,0.6,-53.65971012929583,22.375436413176143,0.6666666666666666,-57.21540391954706,23.0899612059022,0.7333333333333333,-60.51332189200223,21.639912788355417,0.8,-63.705800913556224,17.795967543101046,0.8666666666666667,-66.9875741446903,11.347601675963737,0.9333333333333333,-70.51033665255041,2.1526535589753943,1.0,-74.48573251161578,-9.900374578543131
24,42.97672351682394,-14.167061833915895,-50.865765685916585,78.08033419874323,-39.445362082749014,33.82816969413172,97.65940553388025,-22.430787455520914,0.0,42.95223298918175,-14.165206598767169,0.06666666666666667,29.250731467871503,-5.900522495214743,0.13333333333333333,20.523612600795797,0.09790500309354998,0.2,15.77666680036746,4.218468319890816,0.26666666666666666,14.308287343844661,6.942071348314944,0.3333333333333333,15.021180709036255,8.764237417867966,0.4,17.14956070126747,10.058784893979585,0.4666666666666667,19.675654979122445,11.413254680048947,0.5333333333333333,21.79852351475302,13.305092936462517,0.6,22.563904990584955,15.993821169725951,0.6666666666666666,21.175053929505392,20.14477372168086,0.7333333333333333,16.610614962217163,26.18585552590301,0.8,7.995583970453773,34.523674260962444,0.8666666666666667,-5.507641897091707,45.5784254613294,0.9333333333333333,-24.804562501873942,60.00010434970709,1.0,-50.87431801036351,78.0932332915584
25,46.345379977110184,-94.03863353445558,-85.65889311706123,-8.74443251862023,68.8799485954452,67.8905498309,4.25425683685458,96.9592429886526,0.0,46.313281454112655,-94.07117405815139,0.06666666666666667,49.71241616047605,-63.43024007582851,0.13333333333333333,50.84494963334935,-36.33418642278058,0.2,49.89632272783742,-12.830291268476685,0.26666666666666666,46.979171894560835,7.114611454473553,0.3333333333333333,42.09939870969141,23.54308359647555,0.4,35.51779011582234,36.383960238379686,0.4666666666666667,27.242205174376306,45.64731803147802,0.5333333333333333,17.424295413237058,51.36772476141857,0.6,6.106602724996606,53.55549412903277,0.6666666666666666,-6.468459847600681,52.07912170305974,0.7333333333333333,-20.29715827764669,47.10231901962905,0.8,-35.218898334692,38.54074142946339,0.8666666666666667,-51.18254965160151,26.334664541247143,0.9333333333333333,-68.05224554843834,10.658896701146137,1.0,-85.64161893824273,-8.7305865114697
26,58.344244160742164,71.86938346249264,1.9964301439919296,-8.983413339170369,-81.29206436995517,37.38177831413069,-55.740974685834175,-35.87636686590049,0.0,58.309217437206236,71.87852547600126,0.06666666666666667,32.56390189097224,64.51546662671183,0.13333333333333333,10.979061227457889,56.312962611677186,0.2,-6.683455439946927,47.638003546701654,0.26666666666666666,-20.640886714015647,38.64188343207641,0.3333333333333333,-31.14009954312869,29.617339291747815,0.4,-38.460515892928505,20.7630421129225,0.4666666666666667,-42.745519446851695,12.374551095292457,0.5333333333333333,-44.28216287412773,4.669417778580278,0.6,-43.31142662389212,-2.0924370319935575,0.6666666666666666,-40.08837646986993,-7.59943228067912,0.7333333333333333,-34.80178647841045,-11.749137426915505,0.8,-27.722157921805483,-14.255928419984217,0.8666666666666667,-19.10218380591427,-14.716370931925873,0.9333333333333333,-9.05892986250178,-13.073259861970923,1.0,2.0013261984100374,-8.984583646102273
27,-52.85975585974596,3.2652554051593228,60.250642526137796,89.73950703395332,68.64542962771021,-67.74218161244191,-58.379297485310566,-75.59908291999322,0.0,-52.85321048771334,3.2521895129401277,0.06666666666666667,-31.70108037867012,-10.053769166266026,0.13333333333333333,-16.322740468047453,-21.500644352233504,0.2,-5.84348835552002,-30.879113823026106,0.26666666666666666,0.6643965473319194,-37.9886278473609,0.3333333333333333,4.126545069654135,-42.613463973563285,0.4,5.2784120963086485,-44.58976781056628,0.4666666666666667,5.110089807999229,-43.70098836014745,0.5333333333333333,4.430230542700095,-39.78961363044658,0.6,4.193942991457575,-32.5807004800714,0.6666666666666666,5.183700966544582,-21.92582036181262,0.7333333333333333,8.386896152790658,-7.6570536331878385,0.8,14.60124658416082,10.4590233841717,0.8666666666666667,24.72370280465872,32.56505774868202,0.9333333333333333,39.65861210272163,58.91973018170119,1.0,60.26040956824558,89.7437607254688
28,41.25576711302699,-15.847599376308224,61.81739038984958,63.62709710704095,21.189850619779254,91.72520070195425,-28.07163591096314,34.60726030515807,0.0,41.29342653994189,-15.85039112062012,0.06666666666666667,36.94379245399085,3.543860674082718,0.13333333333333333,32.07038411456524,18.99485558929841,0.2,27.072160632322294,30.943121238315044,0.26666666666666666,22.139244163695615,39.84126072102126,0.3333333333333333,17.697189858779915,46.09387468016871,0.4,13.948045479159546,50.25144705910398,0.4666666666666667,11.188845234331248,52.63577036110799,0.5333333333333333,9.755310835470084,53.78045990971395,0.6,9.957967527242179,54.12420090496911,0.6666666666666666,12.09824944904645,54.04857603236514,0.7333333333333333,16.410647253056585,54.020242735543164,0.8,23.2536331352089,54.517920357695665,0.8666666666666667,32.87740054759733,56.03265260356435,0.9333333333333333,45.61429701846754,58.882535055683874,1.0,61.7925087151837,63.63019521691313
29,49.97575039265544,29.83048891721856,89.49633465872543,-41.71571735001638,40.7070676766629,24.970798120991837,-40.65403126422411,54.99174337707543,0.0,49.9629278341327,29.864766595858693,0.06666666666666667,47.21989672045371,29.25876401749706,0.13333333333333333,43.07173416302494,29.366816183626337,0.2,38.0320187293814,29.805515128714823,0.26666666666666666,32.57908298933654,30.315705860032597,0.3333333333333333,27.19307966501798,30.586631515354338,0.4,22.399054284122254,30.40852974414617,0.4666666666666667,18.74695342189752,29.387011541927038,0.5333333333333333,16.621070524211394,27.346274974908873,0.6,16.690108665327504,23.852906780689484,0.6666666666666666,19.331131583789805,18.74969654496189,0.7333333333333333,25.12611490591028,11.637878783614124,0.8,34.527151188334685,2.4068222233980374,0.8666666666666667,48.045599203686635,-9.448166223491304,0.9333333333333333,66.19724126873858,-23.993318370115578,1.0,89.48871059647668,-41.73078142702814
30,-70.40445449830429,24.83664496056018,-73.53204797693627,-83.15178388190274,44.30840167174214,98.19473665368922,-29.533443355155967,73.7852990776054,0.0,-70.39422855346926,24.82388622755411,0.06666666666666667,-49.904226918023525,38.19921743357099,0.13333333333333333,-34.09195340219634,48.87581228311975,0.2,-22.43369911697383,56.816133807612346,0.26666666666666666,-14.706275000144366,62.005330531152254,0.3333333333333333,-10.440113999968926,64.31927792067266,0.4,-9.273547270201549,63.730168169680496,0.4666666666666667,-10.806552326975403,60.14474328444938,0.5333333333333333,-14.6692728540471,53.4991623552972,0.6,-20.397074515817078,43.7906794773742,0.6666666666666666,-27.67403837773013,30.910965767277627,0.7333333333333333,-36.058825645067344,14.788877527109165,0.8,-45.3069946903558,-4.644423992936088,0.8666666666666667,-54.87145070303199,-27.3766929341805,0.9333333333333333,-64.39822478013092,-53.51116922123616,1.0,-73.54451598708157,-83.13811987009004
31,20.747901611084757,54.49398421717561,-47.603132530005055,-27.71527350878557,33.31021935690921,16.824164503553725,87.93740783658171,-91.41974624451751,0.0,20.7425307792317,54.498404932720426,0.06666666666666667,23.75983457617888,46.077475730210644,0.13333333333333333,27.463346200273932,36.23791627767133,0.2,31.452359449598458,25.356114652424022,0.26666666666666666,35.377063001776065,13.916814275282293,0.3333333333333333,38.733928232811564,2.269267760320786,0.4,41.11928429420293,-9.025367876689751,0.4666666666666667,42.238852624978236,-19.712633929287158,0.5333333333333333,41.55135757183121,-29.223854755679476,0.6,38.62525688652881,-37.16965079885771,0.6666666666666666,33.11798774735235,-43.08178953566456,0.7333333333333333,24.675886609183994,-46.59892743814437,0.8,12.760536971645761,-47.23205432104462,0.8666666666666667,-2.9767800789417973,-44.59093728471784,0.9333333333333333,-22.988953025629517,-38.239266289712496,1.0,-47.613033343263616,-27.718521605070666
32,44.45291796527624,-20.753281701947216,-4.752171589533532,-3.3424437946191006,83.46218905768212,83.15191638722337,-57.71678092321207,42.08061257454564,0.0,44.451128602685024,-20.75305820366978,0.06666666666666667,49.97086850255901,-1.875568579470632,0.13333333333333333,51.3223378983468,13.424765834735162,0.2,49.23973014070621,25.306983898225408,0.26666666666666666,44.34290652223433,34.11516674131312,0.3333333333333333,37.28253210870003,40.04159618305052,0.4,28.72904915619659,43.343226170507485,0.4666666666666667,19.340212009912115,44.291342258880064,0.5333333333333333,9.887759691037713,43.12176621389828,0.6,0.943630037114933,40.054475926211005,0.6666666666666666,-6.8713573181132155,35.412958126155964,0.7333333333333333,-12.831679691992159,29.403239166107728,0.8,-16.23851454142734,22.27863891721898,0.8666666666666667,-16.44061717719529,14.261600589681285,0.9333333333333333,-12.813784804884184,5.651315213613081,1.0,-4.755010437657902,-3.33838896157186
33,11.984789378267124,-7.5943430208390765,-77.27272303970427,-61.817920302142525,23.443863663528077,-20.827709201930634,83.39311502746737,46.06767398749108,0.0,11.970815789658424,-7.579299291705208,0.06666666666666667,14.833425529885472,-9.251411366813622,0.13333333333333333,18.51098578202417,-9.22043570594107,0.2,22.516928150074655,-7.94991325731826,0.26666666666666666,26.40716373700679,-5.892349710043471,0.3333333333333333,29.617543357282862,-3.544286529369466,0.4,31.80545141164879,-1.3398485662459427,0.4666666666666667,32.36348985754174,0.2919215241126841,0.5333333333333333,30.88194254054017,0.9114310410743086,0.6,26.862781022918682,0.05501997987993995,0.6666666666666666,19.823544442152073,-2.7159208201520766,0.7333333333333333,9.272428238608656,-7.959021072782209,0.8,-5.190694208048328,-16.025973708764806,0.8666666666666667,-24.138400574470143,-27.35589586991251,0.9333333333333333,-47.994348934930585,-42.5047729822531,1.0,-77.2844177196122,-61.8140575817275
34,-83.45697996834562,-35.98145932851149,-68.17355907615048,59.41166617571295,68.45156978787138,-75.33437608288448,35.76905719068329,-58.656532483172995,0.0,-83.44332544463826,-35.97547290618208,0.06666666666666667,-55.501041203406224,-43.096136389354974,0.13333333333333333,-32.28296270336562,-48.62809342809199,0.2,-13.553835913621143,-52.49450681269483,0.26666666666666666,0.8532855625074682,-54.66313764497638,0.3333333333333333,11.118664594017197,-54.982191175610566,0.4,17.45538400588212,-53.41405786444048,0.4666666666666667,20.14427792633596,-49.83599092400043,0.5333333333333333,19.298488448866486,-44.2682908995408,0.6,15.0841853705092,-36.507430080083516,0.6666666666666666,7.824888192442222,-26.526930041021625,0.7333333333333333,-2.386784017093227,-14.260352335040505,0.8,-15.249966665954325,0.37117562612150534,0.8666666666666667,-30.67284849585921,17.458501757545935,0.9333333333333333,-48.37672482745344,37.13956441254861,1.0,-68.1601832653068,59.40301224464259
35,60.29976307492956,1.4140710055279726,-11.559199290412494,85.22725322049553,-54.00683986533423,-0.2328730986356658,-22.873996631678732,-13.084526698755433,0.0,60.29820895644237,1.4173554406657956,0.06666666666666667,39.33190805035857,0.9661219487269189,0.13333333333333333,21.941498420326724,0.4492228341798575,0.2,7.8386475082517775,0.06270553288965382,0.26666666666666666,-3.2886760973616385,0.028579381445949334,0.3333333333333333,-11.614792764859278,0.5665431600658589,0.4,-17.628909898513463,1.8960665590067074,0.4666666666666667,-21.49340991651425,4.228463263109159,0.5333333333333333,-23.56848518495721,7.7516489649949145,0.6,-24.072001236234208,12.782773227458401,0.6666666666666666,-23.348763197450083,19.446200087702707,0.7333333333333333,-21.691397723540533,27.993667183454768,0.8,-19.434330669952697,38.58198333759854,0.8666666666666667,-16.73454064252903,51.53982183451926,0.9333333333333333,-14.061357741602654,67.01785710995217,1.0,-11.53741401011172,85.20368421410672
36,-73.08152376102441,-79.41700570696044,-76.10393246441676,-94.53512472960168,59.301188676299475,93.35153456549253,48.298528875157125,51.02077218967619,0.0,-73.07826633923,-79.38774510922292,0.06666666666666667,-48.51447445345891,-47.715967072048365,0.13333333333333333,-27.748735430550806,-21.548276499361634,0.2,-10.619961547722404,-0.6837192199907683,0.26666666666666666,2.8237598022134986,15.016048541827578,0.3333333333333333,12.607803613435225,25.816235357082796,0.4,18.90311703136675,31.857927347113435,0.4666666666666667,21.606210647856,33.32768592257859,0.5333333333333333,20.933253743592083,30.403919510546384,0.6,16.853692013774943,23.413923102148246,0.6666666666666666,9.35054600311153,12.472930105703488,0.7333333333333333,-1.3283692625155683,-2.241498035806383,0.8,-15.290919527175852,-20.488739660461544,0.8666666666666667,-32.4960372341313,-42.102882717744805,0.9333333333333333,-52.759916262101264,-66.8090481378357,1.0,-76.08588743651666,-94.54958009744222
37,30.002763953425102,-22.232413368612796,62.68593414867988,-13.312566144493317,60.406623079876816,-34.037992243808695,-6.228951294421539,-17.54865408426714,0.0,29.99201838721253,-22.243139956125155,0.06666666666666667,34.84409953069669,-24.24051017400999,0.13333333333333333,37.54988705030908,-25.534382483818366,0.2,38.49150388441982,-26.253490731954987,0.26666666666666666,37.985806064578476,-26.36700888425373,0.3333333333333333,36.679838336551754,-26.13202406383156,0.4,34.81967866997249,-25.445713854388387,0.4666666666666667,32.804971165850766,-24.381183497341816,0.5333333333333333,31.11630610304726,-23.11911283501461,0.6,30.156729664701356,-21.664433096477577,0.6666666666666666,30.368526584321515,-20.150923603313654,0.7333333333333333,32.04574576331839,-18.56020068958609,0.8,35.745880603015785,-16.9743865351564,0.8666666666666667,41.774148069500335,-15.560894410173068,0.9333333333333333,50.668323521574045,-14.33240704264436,1.0,62.699409962983516,-13.325990746221564
38,44.709466116975165,-96.9703549630061,-85.9161910160638,-37.915953619126874,-65.98447760382159,-63.624771898553114,-59.99890143189197,44.31173463762852,0.0,44.713780791319024,-96.98634526658871,0.06666666666666667,24.10503364905583,-89.40001577524397,0.13333333333333333,6.325236463208666,-80.29070120721083,0.2,-8.904247634881134,-70.11925346835912,0.26666666666666666,-21.74239244072794,-59.37900816359712,0.3333333333333333,-32.609481940850706,-48.5556732854333,0.4,-41.629058450255506,-38.113069314670135,0.4666666666666667,-49.17364659753548,-28.447739227761875,0.5333333333333333,-55.35740911124809,-20.13259783572669,0.6,-60.63315835636527,-13.608658761551991,0.6666666666666666,-65.14590731022642,-9.319171508639053,0.7333333333333333,-69.12285402437807,-7.625002203118079,0.8,-73.02363536426168,-9.300088475893942,0.8666666666666667,-76.91044802025058,-14.525493256217958,0.9333333333333333,-81.06195031100411,-23.876294439492035,1.0,-85.94099221075538,-37.957318944654766
39,47.49402240360345,93.51613125991821,22.31716497598508,-47.741044312578616,47.086692473203456,74.1197579603658,16.31744963369408,-12.842943109257527,0.0,47.46914613470513,93.54254778578216,0.06666666666666667,47.04531543656438,88.77045576590008,0.13333333333333333,45.847634755014994,82.43059765557044,0.2,44.170596292079175,74.75424833476812,0.26666666666666666,41.96148706032883,65.84599787686656,0.3333333333333333,39.454263884323524,56.01597870769503,0.4,36.70741662416498,45.451587119702616,0.4666666666666667,33.92586306973049,34.38764797639356,0.5333333333333333,31.118487790828013,22.969442498740168,0.6,28.46179560474339,11.500933024954177,0.6666666666666666,26.0701475158165,0.0603653907875907,0.7333333333333333,24.09764445444271,-10.96246286147528,0.8,22.599415870171615,-21.541491076225334,0.8666666666666667,21.725214161274543,-31.306423385182676,0.9333333333333333,21.594292532614624,-40.061775634262915,1.0,22.33156652279715,-47.72930085563641
40,98.87228909707284,-66.18180785893975,-26.829559540472687,-81.37291878299587,34.5801716685115,-52.03135667249344,-10.119440264709405,24.1562681804639,0.0,98.85437705030105,-66.22940775189105,0.06666666666666667,86.27900457250003,-62.600662509121825,0.13333333333333333,74.21403423229064,-57.814103579255764,0.2,62.68255550617034,-52.2123998391891,0.26666666666666666,51.81730027915029,-46.233877956884704,0.3333333333333333,41.41088331005227,-40.36290068946365,0.4,31.668983892558206,-35.031048662666365,0.4666666666666667,22.487588007269245,-30.599225127681827,0.5333333333333333,14.01665899028992,-27.575346006138446,0.6,6.118802957157238,-26.372403631901157,0.6666666666666666,-1.0747319660865589,-27.388499629031884,0.7333333333333333,-7.62729769202675,-31.12140049669133,0.8,-13.53717100215024,-37.9009666228125,0.8666666666666667,-18.692909972810092,-48.24491733449474,0.9333333333333333,-23.139721422389524,-62.64390525634846,1.0,-26.848566549111577,-81.36943335611906
41,-65.54213167154559,-43.47497398281981,73.04874820854525,-56.688019934839915,-72.00599675642893,71.20318670410141,-68.2177791573555,8.626680029869025,0.0,-65.53202781033941,-43.47557698791902,0.06666666666666667,-66.64354909257564,-22.86042218441155,0.13333333333333333,-67.28106651810032,-6.637938070766581,0.2,-67.17369677278285,5.462176121950575,0.26666666666666666,-66.14007470428078,13.753293166882877,0.3333333333333333,-63.8613528421896,18.590014365013676,0.4,-60.23161190184071,20.208653126581687,0.4666666666666667,-54.959048801728215,19.01618035929846,0.5333333333333333,-47.840396828709835,15.2214776175661,0.6,-38.61260544347965,9.20609698888556,0.6666666666666666,-27.11848836235546,1.2821786652274831,0.7333333333333333,-13.046543891960107,-8.358168598228376,0.8,3.7842575432933425,-19.19181755307099,0.8666666666666667,23.53425005767195,-31.16003959347607,0.9333333333333333,46.62449064586808,-43.71594499173932,1.0,73.02297024592605,-56.65303972130859
42,-60.196216168554685,26.360117869598554,-80.01732780064344,23.854027110617196,47.61379278227488,27.85385881415614,-0.8853671720470686,-4.238104839422961,0.0,-60.22332879525383,26.376369808562846,0.06666666666666667,-40.63624415683415,26.25058229195274,0.13333333333333333,-25.138251842120944,25.413386022445636,0.2,-13.277059910029669,23.97407955556492,0.26666666666666666,-4.914322417379823,22.19435934042879,0.3333333333333333,0.18012489684080654,20.106550548868015,0.4,2.177521570862285,18.010801694254276,0.4666666666666667,1.3816269622399984,16.029435904169244,0.5333333333333333,-1.9911294425812545,14.322204105763742,0.6,-7.810572581022417,13.043459594993507,0.6666666666666666,-15.746034787920056,12.34158358861547,0.7333333333333333,-25.61986782427035,12.439384681876769,0.8,-37.21199004461273,13.457615320340663,0.8666666666666667,-50.32571931885915,15.656722892513997,0.9333333333333333,-64.65927236029475,18.98593514028018,1.0,-80.03470421957236,23.84934310371844
43,68.29184954935099,-88.52621982449483,-0.9128534692650874,-65.83433979175655,44.77912371296433,-25.738227436882102,-0.885716217329998,-17.532049614005444,0.0,68.31502078448901,-88.54327588888398,0.06666666666666667,63.34467004289691,-76.67926390074483,0.13333333333333333,57.86482041123106,-66.35337650285852,0.2,52.083231070659515,-57.395342983145824,0.26666666666666666,46.03006347267211,-49.95805661042999,0.3333333333333333,39.905417383691706,-44.02837172937539,0.4,33.77862887015177,-39.51194832466362,0.4666666666666667,27.785022122100678,-36.476887476795305,0.5333333333333333,22.063842120384432,-34.94287568878992,0.6,16.689731013659532,-34.85479085146855,0.6666666666666666,11.792170270944572,-36.30993452392395,0.7333333333333333,7.535822644608536,-39.18101239413893,0.8,4.04850785787348,-43.63518557562306,0.8666666666666667,1.4036452577857101,-49.534244405695496,0.9333333333333333,-0.29408989075457426,-56.91731394974949,1.0,-0.9281594314591362,-65.81467013028261
44,38.07044325327291,30.526658457082533,39.805107825727816,-61.680585853559464,-63.62140448942992,-6.988678331780053,79.0019887903695,-59.90720770326361,0.0,38.062851727548754,30.545202384729855,0.06666666666666667,20.882065755500886,22.847286323718944,0.13333333333333333,9.410986858902001,14.830237441399005,0.2,2.9365580613721955,6.705693572858527,0.26666666666666666,0.7558337672049307,-1.5019361198924046,0.3333333333333333,2.0555816029182603,-9.647452928726725,0.4,6.0165829877135115,-17.639008320224463,0.4666666666666667,12.022521958821324,-25.27772267030474,0.5333333333333333,19.202356161496333,-32.57217908451764,0.6,26.86034738471033,-39.24598029668832,0.6666666666666666,34.18871412426692,-45.328799135771895,0.7333333333333333,40.42938093628748,-50.614329660690025,0.8,44.903514611457226,-54.99800658558424,0.8666666666666667,46.79686603585667,-58.40104259950506,0.9333333333333333,45.3600821494528,-60.69084629523972,1.0,39.80178210476022,-61.64169604974574
45,-29.00250966845894,85.0071858106611,-24.483049344793727,1.6776067330599034,98.22292232115151,-35.90720096376599,-38.58049871570608,-15.574696901630606,0.0,-29.02192293019323,85.01909059649714,0.06666666666666667,-6.954625112149411,62.664333988397296,0.13333333333333333,8.82991125787931,43.83036826548508,0.2,18.956409030323268,28.242287838066158,0.26666666666666666,24.30573073478542,15.65540819001016,0.3333333333333333,25.60724880031139,5.812565241553583,0.4,23.4467133302743,-1.493120174772676,0.4666666666666667,18.784227559662074,-6.628306572255204,0.5333333333333333,12.21105414792121,-9.83369892114882,0.6,4.483934975553766,-11.29126656314598,0.6666666666666666,-3.6276600250843587,-11.22856592971385,0.7333333333333333,-11.440707616996031,-10.0704729985905,0.8,-18.204619440231365,-7.866986473906442,0.8666666666666667,-23.035860041772878,-5.059096882772854,0.9333333333333333,-25.37986168847015,-1.788403822818817,1.0,-24.483050456312103,1.6408045684652761
46,-69.27024796922015,72.67786623095739,94.75733703464434,-4.733697487120807,43.56428063920017,19.475169101264964,-81.52694380573381,24.476038189406143,0.0,-69.26800962453595,72.69156140062121,0.06666666666666667,-49.735503976484274,62.791702937167855,0.13333333333333333,-35.59920116328654,54.315850186679725,0.2,-25.763877417813692,46.99639216545545,0.26666666666666666,-19.522157489176525,40.76344846304437,0.3333333333333333,-15.773495303117747,35.44639680003215,0.4,-13.548471859775454,30.8706474093478,0.4666666666666667,-11.96621457648899,26.787108651613863,0.5333333333333333,-9.935634605005504,23.233684700055996,0.6,-6.61858639968191,19.797839438742784,0.6666666666666666,-1.045749234293289,16.516130102067383,0.7333333333333333,7.774520530663919,13.097481053756526,0.8,20.842355042318864,9.419968242713663,0.8666666666666667,39.02649916428185,5.324071230061291,0.9333333333333333,63.36909590963058,0.6919435008495055,1.0,94.75429708136075,-4.729196954989348
47,-30.50745644652595,11.69607101332626,-9.8545938167494,62.09978952641487,48.10137874731515,-35.73470256916023,-35.67285829928783,47.02581064371662,0.0,-30.508805564558727,11.680370457692847,0.06666666666666667,-16.876322597915372,3.9249699761830676,0.13333333333333333,-7.072823958706334,-0.7985788268199889,0.2,-0.6569238752003791,-2.7270713122854127,0.26666666666666666,2.9006632005699124,-2.2294234189032296,0.3333333333333333,4.049719947938021,0.3036761697549335,0.4,3.258204801817845,4.600223012016702,0.4666666666666667,1.1121920274333,10.264020332578633,0.5333333333333333,-2.030979948746235,16.88709686739289,0.6,-5.666408345259838,24.181121933364953,0.6666666666666666,-9.174677924288932,31.79850597820074,0.7333333333333333,-12.279841459445283,39.369991407769156,0.8,-14.376942258116856,46.492645991461195,0.8666666666666667,-15.028766470864078,52.95397385206126,0.9333333333333333,-13.61257199121109,58.205783014533466,1.0,-9.870171637098137,62.08654565264403
48,-23.44476156280963,-62.191446220037825,-70.78131817385989,82.13836238654628,18.150207154053124,-32.16285805191901,-15.871248762589179,44.794764134433656,0.0,-23.478051113839854,-62.21523848291166,0.06666666666666667,-16.11395852458128,-55.5508408323577,0.13333333333333333,-10.742929537023521,-47.88015290601722,0.2,-7.092762516830848,-39.21232602195093,0.26666666666666666,-5.277619728183781,-29.786068446198794,0.3333333333333333,-5.008788804435368,-19.767989152834392,0.4,-6.331591817981006,-9.1932100455071,0.4666666666666667,-9.053050743870129,1.722783067959594,0.5333333333333333,-13.131532539112808,12.804623090553468,0.6,-18.421953136163083,23.835176530842958,0.6666666666666666,-24.8353194716942,34.77028748987694,0.7333333333333333,-32.34213273686646,45.46590819460563,0.8,-40.79914948600108,55.67047822065989,0.8666666666666667,-50.046569904085075,65.30444868750249,0.9333333333333333,-60.118804702296615,74.19430239706377,1.0,-70.77672526850543,82.11507348234738
49,-48.470347089296496,37.07763063348753,49.32148193222119,60.28485094824916,-75.62026115010516,-42.70421442993147,-23.552688669646137,85.68867787183787,0.0,-48.45674850879594,37.06467799457066,0.06666666666666667,-52.85252565504553,23.786008482327706,0.13333333333333333,-55.237593916625784,15.404381603512256,0.2,-55.726471535899286,11.307228096533597,0.26666666666666666,-54.42656194523087,10.829790327695939,0.3333333333333333,-51.37891905068248,13.274028204404608,0.4,-46.77948863532155,18.089829216629248,0.4666666666666667,-40.630954845655985,24.56870925241863,0.5333333333333333,-33.15772611863467,32.14491286320135,0.6,-24.399175985267835,40.116710295333995,0.6666666666666666,-14.439639251279262,47.86351853067166,0.7333333333333333,-3.4519268403520575,54.643913027250434,0.8,8.552058424052666,59.98407818369692,0.8666666666666667,21.429138458642306,63.10416856320999,0.9333333333333333,35.01014438400303,63.41914818072206,1.0,49.32558695968098,60.30467388663794
50,-36.67644375795967,-2.186674144997909,78.84183107597221,-1.3151422553988112,-6.676578569654143,-55.840010318011316,58.33031170832681,79.0058010203336,0.0,-36.669570229536376,-2.208797762372135,0.06666666666666667,-30.239231091520264,-10.517745281301758,0.13333333333333333,-23.015318356422036,-14.54127391125575,0.2,-15.08729288625796,-14.981707539030598,0.26666666666666666,-6.729805057173575,-12.54941705580794,0.3333333333333333,2.036075836582404,-7.962686096257777,0.4,11.037948331769643,-1.9594827111812674,0.4666666666666667,20.14306246067222,4.808586944526908,0.5333333333333333,29.1305709236951,11.608882924640703,0.6,37.938485358380454,17.62919001720024,0.6666666666666666,46.46652378464318,22.26627803355254,0.7333333333333333,54.439622894580246,24.70002206600668,0.8,61.84179716472185,24.273275768712782,0.8666666666666667,68.45007630532159,20.2877697885256,0.9333333333333333,74.13888847469346,11.969496367204277,1.0,78.83175078029113,-1.255153189974474
51,-61.58178439163906,61.819868956957606,14.426861118617467,44.666255522542684,83.32627155789456,32.6801030350205,50.797838850759966,-16.582909823247995,0.0,-61.58267834141037,61.826773645867824,0.06666666666666667,-34.90644947761524,55.7822190229731,0.13333333333333333,-12.707759043907556,49.44091146037692,0.2,5.455863552716907,42.96100821835197,0.26666666666666666,19.75389494764346,36.726837823582095,0.3333333333333333,30.62105090945136,30.793820387909907,0.4,38.28165682622432,25.529871230669098,0.4666666666666667,43.0263558245671,21.132295587329935,0.5333333333333333,45.209260756698214,17.84652882859707,0.6,45.10096351875834,15.82066343567868,0.6666666666666666,43.081234818573954,15.432938555206027,0.7333333333333333,39.410193037136246,16.753748138870264,0.8,34.39010435777014,20.159959925950467,0.8666666666666667,28.351133413312787,25.77353982760299,0.9333333333333333,21.590876883360668,33.87054645579322,1.0,14.430252867489328,44.662571359981975
52,-37.70914194723227,0.12372823668434307,97.95759876276398,3.530364094566835,21.324475671067038,-6.086647695952516,76.81678730075119,83.86456455620483,0.0,-37.68828865500304,0.10287171361812948,0.06666666666666667,-25.982320365518195,0.0639280918390667,0.13333333333333333,-14.372437972240098,2.1364995112517975,0.2,-2.9405519542157115,5.781966633872638,0.26666666666666666,8.191942848583842,10.655325238032557,0.3333333333333333,18.99443823720476,16.120783284594943,0.4,29.45547389403571,21.769181210497674,0.4666666666666667,39.502187481625214,27.17675066440658,0.5333333333333333,49.02282391461257,31.80279373492445,0.6,58.09033910906314,35.236716796363304,0.6666666666666666,66.52093563718621,36.968453514206175,0.7333333333333333,74.28027629091697,36.50407690243842,0.8,81.41310354102826,33.45177912407149,0.8666666666666667,87.72838812377114,27.223797761510625,0.9333333333333333,93.28509226096867,17.430458108889553,1.0,97.98546507187089,3.5254600788590054
53,-77.799897033839,-81.68407738591436,92.76655379888061,-94.15469191439851,28.948173678172903,17.598419921076776,52.33338583857177,-82.1794162893155,0.0,-77.79704008475508,-81.71826736054159,0.06666666666666667,-57.51649640181221,-64.40270164656698,0.13333333333333333,-39.3332355567965,-51.89130179135036,0.2,-22.94371185495681,-43.7310147285079,0.26666666666666666,-8.3100977278581,-39.269038531030695,0.3333333333333333,4.8961723075549966,-38.10145123016303,0.4,16.721174916896008,-39.7444283938621,0.4666666666666667,27.414601104108883,-43.592439699681165,0.5333333333333333,37.06807747728408,-49.1971995363995,0.6,46.009045949772585,-56.007446930319475,0.6666666666666666,54.298572288145834,-63.54977050941555,0.7333333333333333,62.14970208686471,-71.26419410613731,0.8,69.73785062813347,-78.72303932934783,0.8666666666666667,77.26383790297858,-85.34478177089117,0.9333333333333333,84.88915635044114,-90.68279909262927,1.0,92.76185561526253,-94.13706249510535
54,58.66753558568814,38.243589157557494,-52.76496500395489,-61.75442054629623,-76.01019681155165,-25.938979880385045,-50.54826317656261,84.31856418519828,0.0,58.68593244066623,38.27789205870698,0.06666666666666667,33.78163306432994,27.607745243096947,0.13333333333333333,12.882727679600665,20.877119299846157,0.2,-4.409156381228029,17.2067632123036,0.26666666666666666,-18.483284004352797,15.97893674439932,0.3333333333333333,-29.56315298690605,16.215910138339073,0.4,-38.10782644727117,17.373988717403318,0.4666666666666667,-44.35111774713049,18.557732378906845,0.5333333333333333,-48.67564799922654,19.077427912418308,0.6,-51.33808591535107,18.076460602996946,0.6666666666666666,-52.81499335543254,14.819424945477573,0.7333333333333333,-53.32828361675605,8.614980340873263,0.8,-53.29256063774468,-1.428023142548538,0.8666666666666667,-52.89141017576247,-15.992337124096736,0.9333333333333333,-52.64238509621153,-35.82814871190753,1.0,-52.785953141662105,-61.759360682644015
55,40.83203096408204,-76.93873388453723,1.2915902241816326,-38.29388948439991,-51.168194468392834,76.84612356183514,18.23001232506773,39.62443283352375,0.0,40.84717290523644,-76.92460114584904,0.06666666666666667,24.508642834681595,-48.69917502657589,0.13333333333333333,12.037822562636235,-25.280453762327024,0.2,3.028863481071278,-6.397169195582716,0.26666666666666666,-3.0539422438063704,8.169064847245842,0.3333333333333333,-6.541756954569023,18.752460138174985,0.4,-7.940232399602285,25.60197279630383,0.4666666666666667,-7.7266113312976,28.838457480958052,0.5333333333333333,-6.206309895748902,28.931380391069936,0.6,-3.924892582519288,26.053452185264703,0.6666666666666666,-1.3893374187913181,20.486257346335382,0.7333333333333333,1.110507344389275,12.4895757899276,0.8,3.086788068110671,2.372891186885368,0.8666666666666667,4.03510457861096,-9.659858523641363,0.9333333333333333,3.5718395532671487,-23.301235933697708,1.0,1.3126179705296632,-38.304552605885696
56,-71.66926875318396,56.3602683713429,-73.64216706572739,-14.797055910658472,-26.769065861576312,-19.972091318893902,0.012110166117757493,0.05001883698413441,0.0,-71.68739146264693,56.371520437618614,0.06666666666666667,-62.96468400769534,42.33758617081574,0.13333333333333333,-54.87744764035415,30.634977624467226,0.2,-47.56476769815972,21.060655734328343,0.26666666666666666,-41.18371214363971,13.396152863851398,0.3333333333333333,-35.82995796549783,7.263439406604962,0.4,-31.743149823447517,2.6226719465362565,0.4666666666666667,-28.987530166092956,-0.8852635816268698,0.5333333333333333,-27.8229160278932,-3.4355957949172495,0.6,-28.204887920362776,-5.336168188010747,0.6666666666666666,-30.45069278552898,-6.727746578248119,0.7333333333333333,-34.56268029512376,-7.864062450560593,0.8,-40.81664080774438,-9.022604290532044,0.8666666666666667,-49.33982780045299,-10.387579187136042,0.9333333333333333,-60.229320293751606,-12.284317920780367,1.0,-73.6440411081486,-14.77838242329484
57,-51.07870560299859,-93.46436136204905,99.57085510267953,15.405828397099313,-95.52902921239766,47.133119150704104,33.744519933670595,86.03816434501272,0.0,-51.070481804414364,-93.43097602838391,0.06666666666666667,-57.690875974250545,-66.69243799590565,0.13333333333333333,-60.13292439444044,-42.68438467756392,0.2,-58.79447289402773,-21.38265790128785,0.26666666666666666,-54.06028645603153,-2.8113509355312014,0.3333333333333333,-46.41700812068441,12.930637408319777,0.4,-36.237598591102476,25.964090266355164,0.4666666666666667,-23.936336751257944,36.13186789006529,0.5333333333333333,-9.926861121075921,43.5353221682261,0.6,5.299072487093266,48.045025327562335,0.6666666666666666,21.36831476616138,49.827064918742465,0.7333333333333333,37.877819348711846,48.71118118302883,0.8,54.408903565071526,44.70687823774687,0.8666666666666667,70.41913529532083,37.83642338457792,0.9333333333333333,85.6093520363855,28.055338392492548,1.0,99.58615059537983,15.411372284986246
58,-26.754450285897775,19.953703416774232,-7.441386057132831,-18.256428480474682,16.914000271988254,2.2197001659655835,93.70960037120733,-25.221094713218072,0.0,-26.73964837821434,19.96769750665655,0.06666666666666667,-17.63290706845447,16.306793304418047,0.13333333333333333,-8.014938815104243,12.439865795564781,0.2,1.739099932294307,8.497751293074062,0.26666666666666666,11.218661826747637,4.527703352894593,0.3333333333333333,20.146122384970223,0.6298814369632142,0.4,28.046812175550848,-3.171504723522641,0.4666666666666667,34.583041863933005,-6.73161383964871,0.5333333333333333,39.352566005475296,-10.018334984963097,0.6,42.036190615283004,-12.927454889829246,0.6666666666666666,42.19390131316969,-15.363218104695079,0.7333333333333333,39.52889545470492,-17.31246723199576,0.8,33.60138405775125,-18.691428576278398,0.8666666666666667,24.02594038301006,-19.308515695911538,0.9333333333333333,10.470956392095156,-19.199917473167012,1.0,-7.414917172819759,-18.26973142639988
59,62.01441825969579,22.019107541539356,-45.00421389497842,-82.32345369628977,-62.248196185654265,9.997917388230771,23.26872760078772,-22.19564940159365,0.0,61.988864219562046,22.028355751436592,0.06666666666666667,39.830771033072004,19.341734144329738,0.13333333333333333,22.65415964594248,16.131065380882628,0.2,9.70158964083873,12.301303756682426,0.26666666666666666,0.44385378593690866,7.965187295416233,0.3333333333333333,-5.7856731423368695,3.0000271612196783,0.4,-9.664112050043839,-2.5854783260200387,0.4666666666666667,-11.84283266365664,-8.801769138065604,0.5333333333333333,-12.929824094568382,-15.592664677442047,0.6,-13.608098941693015,-23.09248573234311,0.6666666666666666,-14.536244509601024,-31.21979209720207,0.7333333333333333,-16.316356417182032,-40.04525407847238,0.8,-19.59836320996983,-49.512483275597546,0.8666666666666667,-25.04574795417658,-59.75549086830618,0.9333333333333333,-33.28244071813029,-70.65232180310588,1.0,-45.00340005887887,-82.2980037986315
60,-6.3141827655160085,-65.93087782758691,60.41107858559806,-61.02971113802036,-84.08038235463096,35.28143622488732,53.73340338432081,90.78528860464212,0.0,-6.301526733763687,-65.94202350333342,0.06666666666666667,-19.0750993816291,-46.353245934106425,0.13333333333333333,-26.755489644134887,-28.258635540279208,0.2,-29.878528016032107,-11.980998512727043,0.26666666666666666,-29.123906466568044,2.209699363200707,0.3333333333333333,-25.034587552440026,14.06659527879327,0.4,-18.371085665679516,23.228097467253885,0.4666666666666667,-9.588688320389382,29.47744391518536,0.5333333333333333,0.6237552186379781,32.53569764209762,0.6,11.666716754986478,31.960018663409667,0.6666666666666666,22.908183290870934,27.65235727992829,0.7333333333333333,33.592883322093215,19.2703004646279,0.8,43.45903423897151,6.438988028214039,0.8666666666666667,51.58366634869921,-10.974205659508907,0.9333333333333333,57.41883267156183,-33.34319347758419,1.0,60.37873989539588,-61.02948886769447
61,-18.101464845186783,55.85348484568894,-52.72360308598096,-59.95178567541019,-94.15674201152848,94.59593418058559,0.5445982262030299,25.32442387112608,0.0,-18.090906723351534,55.81175650168506,0.06666666666666667,-31.103806101064162,62.17697099769942,0.13333333333333333,-40.1498715494882,65.81203866581731,0.2,-45.787635339402684,66.85117392924177,0.26666666666666666,-48.59092267808966,65.54722536032884,0.3333333333333333,-49.035128585410874,62.0076080825963,0.4,-47.81137770524684,56.400150592425305,0.4666666666666667,-45.4164851942081,48.8963231743031,0.5333333333333333,-42.42631455179777,39.62996228091837,0.6,-39.44858159148946,28.79202040982155,0.6666666666666666,-36.97331358975943,16.567942291107506,0.7333333333333333,-35.6173305300235,3.1093749240525277,0.8,-35.91890428649283,-11.44524520373188,0.8666666666666667,-38.5806646011956,-26.91332506543513,0.9333333333333333,-43.9735595517078,-43.119552417785336,1.0,-52.73272394426839,-59.93635650287085
62,84.39843020274745,83.93197645406539,-41.422965175998996,-94.99231743821188,-55.945444355959786,86.1789588549092,14.707219023194025,99.93447778866754,0.0,84.3993099834244,83.9101174637392,0.06666666666666667,59.06164660480216,84.46078781973702,0.13333333333333333,38.681297747194094,84.92207754820646,0.2,22.81174718112414,84.90169364763807,0.26666666666666666,10.71217456022481,84.03378810816709,0.3333333333333333,1.8668747917731952,81.86105112736921,0.4,-4.325997168945391,78.03338349387458,0.4666666666666667,-8.529806765896566,72.20602317058194,0.5333333333333333,-11.368343182962956,63.94782885000118,0.6,-13.316680093444003,52.856073269115974,0.6666666666666666,-15.01057760340187,38.55152762556626,0.7333333333333333,-17.159580843956725,20.60021102774805,0.8,-20.2733859495026,-1.3281255327269321,0.8666666666666667,-24.94890170939851,-27.640489383627898,0.9333333333333333,-31.7924731759822,-58.70930097171473,1.0,-41.44315499717466,-95.01108943721947
63,94.02547896702305,93.43521272678112,28.230977229037137,-60.476452557792214,87.90740830975635,-65.12871170634372,-73.4502978722035,42.793708462624124,0.0,94.01968146478525,93.45459371904687,0.06666666666666667,90.83523804882334,65.14380964385494,0.13333333333333333,84.28929033768598,43.09621768092824,0.2,75.07800732832044,26.4606886810544,0.26666666666666666,63.957768920893926,14.352246093040918,0.3333333333333333,51.671141611320046,6.011232390694795,0.4,38.93951727881754,0.4840327419614241,0.4666666666666667,26.51737865711478,-2.9744237334982353,0.5333333333333333,15.201941598144087,-5.315419533810109,0.6,5.694499678810497,-7.350867473719687,0.6666666666666666,-1.2149913208429102,-9.924662784933062,0.7333333333333333,-4.94331325284752,-13.879632338899654,0.8,-4.551553719211332,-20.045298152070117,0.8666666666666667,0.5771705381335289,-29.26149538552036,0.9333333333333333,11.278732344787564,-42.496823429248956,1.0,28.21840896833874,-60.44938846576089
