case,p0_x,p0_y,p1_x,p1_y,p2_x,p2_y,p3_x,p3_y,g0,g1,g2,g3,h00,h01,h02,h03,h10,h11,h12,h13,h20,h21,h22,h23,h30,h31,h32,h33,sample_0_t,sample_0_x,sample_0_y,sample_1_t,sample_1_x,sample_1_y,sample_2_t,sample_2_x,sample_2_y,sample_3_t,sample_3_x,sample_3_y,sample_4_t,sample_4_x,sample_4_y,sample_5_t,sample_5_x,sample_5_y,sample_6_t,sample_6_x,sample_6_y,sample_7_t,sample_7_x,sample_7_y
0,-61.22969347886198,-75.69712227622153,-45.446782113750196,92.7480522303097,14.636849021349846,-72.69489678825407,56.51592468776471,67.28284433047318,-94.16855634045668,23.442106586215957,-42.32917698829225,19.967293980803678,0.9580178125,0.0,0.7998046875,0.0,0.0,0.9580178125,0.0,0.7998046875,0.7998046875,0.0,0.9580178125,0.0,0.0,0.7998046875,0.0,0.9580178125,0.0,-12.911752834517046,3.564614845867524,1.0,90.10393067760972,44.5878329552296,0.5,78.43988853133828,-32.01524350917022,0.5,90.87490130328243,26.250173963163803,0.25,-64.38478358796635,-11.892275817660362,0.75,-91.81100157709747,5.8399508366823625,0.0,-69.43323001770527,-6.16828969875553,1.0,26.383392629882138,-37.27878016333626
1,-51.915442572554426,-7.061908273256833,-18.520038907422574,-52.964703965609885,88.41517731911225,99.85467646033882,-35.52705157734337,-26.686548018072173,-20.067039676180414,-8.371935493589081,-0.2026973704664688,-0.08456500498574827,0.013842582543999997,0.0,0.00013972305599999998,0.0,0.0,0.013842582543999997,0.0,0.00013972305599999998,0.00013972305599999998,0.0,1.1411344e-05,0.0,0.0,0.00013972305599999998,0.0,1.1411344e-05,0.01,-90.34656753891178,37.21185560957855,0.01,47.160667054887824,-13.209493828187064,0.01,-82.68147928542682,39.08483679538824,0.01,56.032852974861214,-69.63295278880979,0.01,2.7110819476309445,-45.106288229251135,0.01,51.90771500150052,-7.759123104549076,0.01,-30.942487710047658,81.66098173703244,0.01,-19.73500151154741,53.07668347584968
2,-20.332848731011126,29.68543057295031,-52.6560920535331,-61.82720692663002,38.55663426598869,71.25168654425269,-10.460020362291075,88.05547552495335,-139.10335299390977,-10.940726169441064,-15.473893559055515,-27.318227579155987,1.3933930196612443,0.0,0.7783810710737994,0.0,0.0,1.3933930196612443,0.0,0.7783810710737994,0.7783810710737994,0.0,0.783646279372138,0.0,0.0,0.7783810710737994,0.0,0.783646279372138,0.555971357386894,-60.02108417072052,6.389982681255276,0.14876189821789665,-8.170686236715767,-35.068472526095505,0.2642872107185914,65.659474481572,-25.317271233207933,0.2068317645702148,22.484770610465205,78.57938243033846,0.052045073752933435,10.617909142735016,33.082578433405615,0.5942178226049148,19.314761164764448,80.0989842938128,0.051645898204363605,6.318980982384176,42.34230016070845,0.05563142923929387,27.011147623774193,-93.96367198156446
3,49.88402342114,59.669450942447526,-83.94614774643023,-35.928468673200584,-87.60197144607096,44.43723893997014,64.73678566492501,94.5885967262596,-46.20564366362815,73.68069822530609,5.4094348903529585,44.025637356366744,1.74491653505733,0.0,1.113596521506247,0.0,0.0,1.74491653505733,0.0,1.113596521506247,1.113596521506247,0.0,1.1387520564223788,0.0,0.0,1.113596521506247,0.0,1.1387520564223788,0.15231811992770405,38.09492905511357,-20.04103873931939,0.3859070406612385,-88.5706816536244,68.32277566095925,0.6564699627404469,-26.207906555052006,23.622947021072434,0.379110249278821,-38.89030309863924,36.045279800612775,0.8674936847635707,3.1305407644037615,21.481033893718248,0.025561786901672878,62.14961602535297,83.5996760429052,0.46367548231221334,-65.05632520846811,9.621387406055803,0.2185278118374182,51.80422706346437,-92.54322275084958
4,39.137220243911145,-37.11940788691634,-72.44120696055293,-71.03777522507286,34.095492268173984,39.98616919965241,32.51751252056866,-20.923192783304373,-91.40280846707039,-115.53162566852636,-109.3147438378003,-11.516906269870798,0.9580178125,0.0,0.7998046875,0.0,0.0,0.9580178125,0.0,0.7998046875,0.7998046875,0.0,0.9580178125,0.0,0.0,0.7998046875,0.0,0.9580178125,0.0,49.38080401557244,76.52037586635228,1.0,27.859447611483162,96.0916006330032,0.5,83.34292239033937,20.411075047078825,0.5,36.354027061152124,-42.59571484725848,0.25,-22.489642154325296,98.18105115600133,0.75,36.62798890022165,-48.92880879742334,0.0,-11.394746698420349,42.255182288277695,1.0,-37.79398138034657,-95.23218511932095
5,-3.0087394840522848,-41.20119059219458,-25.265844240019348,-93.31759330920988,49.64300485342986,46.75655791964374,11.875422852402394,-44.30222072636629,0.19560129094623074,-0.21953053916872783,19.364527803676822,-21.733523377704035,1.1411344000000006e-05,0.0,0.00013972305600000036,0.0,0.0,1.1411344000000006e-05,0.0,0.00013972305600000036,0.00013972305600000036,0.0,0.013842582544000021,0.0,0.0,0.00013972305600000036,0.0,0.013842582544000021,0.99,37.11129912186573,-29.76088796454384,0.99,-85.61731894875679,-59.33273793723159,0.99,-62.489673474887454,11.74638059964468,0.99,84.76686689918077,9.466281818991277,0.99,-52.478897900667086,-39.103453762942394,0.99,-87.67635857660989,-11.487880911097562,0.99,-68.42769914781326,81.2745917196998,0.99,9.315537228525073,73.66274732834754
6,-90.65319498758065,55.86221030561754,95.50291432734258,-40.123059823992136,29.1439024911206,5.488875543066669,-54.65144227637626,-92.23265642997237,18.509603271539888,181.2684667761536,30.567159379874617,53.92796253210067,1.2965858641321606,0.0,0.8345512389617354,0.0,0.0,1.2965858641321606,0.0,0.8345512389617354,0.8345512389617354,0.0,1.1907643923705844,0.0,0.0,0.8345512389617354,0.0,1.1907643923705844,0.3838919090356889,-44.852625754109,-96.89872629489622,0.14734267809772672,88.38334775462243,-91.81304581032987,0.15702584025535749,-24.925598344665744,59.0269426830958,0.39031206479172187,-15.548587565428235,-43.646710917310536,0.7829127418435249,-25.169086175593748,-63.52480839816044,0.021459855357625623,-80.85391711741573,-51.19069845640314,0.7029945608374353,46.71826099220726,-98.00052532803613,0.8740715454908864,-20.872952162675602,95.78015300066559
7,24.290257194104356,38.36412255857212,14.654278659848003,-28.665332823458726,-3.5655681069094243,88.74034959265532,-80.23181212403719,-8.612891973665754,134.5408965724397,35.439468062545494,-13.97102156482363,27.089737235885508,1.7404814954710677,0.0,1.3897960285966555,0.0,0.0,1.7404814954710677,0.0,1.3897960285966555,1.3897960285966555,0.0,1.4013896254954805,0.0,0.0,1.3897960285966555,0.0,1.4013896254954805,0.3506716950948836,-93.48439649443048,-61.592955688910855,0.45706943473520667,20.450579747183852,53.65035168240976,0.02707478374705863,-0.8286584325271349,95.22651161721618,0.22889810105167052,-93.01815512360537,74.75008363250879,0.5803583964696196,-39.13223503177221,40.8943390423492,0.05490786257979674,-88.08824871139898,-25.517726840005423,0.5781045199521176,53.44202758511983,79.31421823409605,0.5245485291215017,55.70795777863063,-65.9439516537124
8,-45.56052561709125,-14.308406944172063,49.21099166856732,-79.0412476910133,34.17557824670345,-68.57990417709755,9.22980436321626,10.027739156535077,-12.47930925761247,42.56962252672413,14.183878523366545,27.273515727800152,0.9580178125,0.0,0.7998046875,0.0,0.0,0.9580178125,0.0,0.7998046875,0.7998046875,0.0,0.9580178125,0.0,0.0,0.7998046875,0.0,0.9580178125,0.0,-59.91875520586192,54.39472770716242,1.0,-31.94517181993146,41.72327736886342,0.5,-0.14665579349775726,-62.95143740243381,0.5,-31.854582249145295,-71.80576359506823,0.25,86.40554521387108,-78.19307187340574,0.75,57.034184021731306,-38.17118090306204,0.0,75.19659754656928,97.39673843493875,1.0,75.13985998502142,-4.98469090509613
9,-46.86125789152478,85.62935770536012,82.60741409611384,87.22070628630775,-51.64871301396063,-53.52864613264159,52.64573416832505,28.814763428094636,0.20100454914767577,0.12263915627157869,19.89945036561988,12.141276470886279,1.1411344000000006e-05,0.0,0.00013972305600000036,0.0,0.0,1.1411344000000006e-05,0.0,0.00013972305600000036,0.00013972305600000036,0.0,0.013842582544000021,0.0,0.0,0.00013972305600000036,0.0,0.013842582544000021,0.99,87.85690902118398,19.013930341306292,0.99,41.7570385024934,13.332561443068755,0.99,27.585972485860836,25.336776761709515,0.99,-44.992393667788264,-23.888903597410135,0.99,-69.70233850674083,44.865607025932576,0.99,49.79140043259338,-21.459142347089283,0.99,-71.38223456616225,9.07816903369583,0.99,37.397858615117656,-61.45403641641416
10,5.302368404783465,-95.45619449389042,52.012526742777396,4.758650388840181,0.46201179459521313,94.20095887381689,-77.8064497644046,77.84485948426126,-43.723940474631796,105.93725619728839,4.837136535726548,198.68203666183302,0.9897944589845944,0.0,1.1974667642699515,0.0,0.0,0.9897944589845944,0.0,1.1974667642699515,1.1974667642699515,0.0,2.1795157459454986,0.0,0.0,1.1974667642699515,0.0,2.1795157459454986,0.24722749366682184,73.07161914909469,-96.95315736759413,0.6983005182538021,-91.61713877562032,41.62784118642924,0.6033262141556157,-42.22484338371031,73.45975363242945,0.8943104144587474,-60.86084594217767,18.307621024042504,0.732635293948064,-5.757373879576178,78.44809779224892,0.6344703923006867,68.37969297458446,-60.58760235472462,0.8828502947250452,-66.57039208652719,-59.2789968212992,0.5541665226737253,22.601430065105816,81.87694348226907
11,-45.37969487397202,25.786781866753785,-94.75190893538317,-58.579601476264884,-81.86814388344354,-67.01710591455867,-23.34527315377106,-52.08405534902736,-216.56335915601423,-146.73635072922468,-174.9564112627086,-178.17124324201959,1.5762690839369087,0.0,1.2462493115238287,0.0,0.0,1.5762690839369087,0.0,1.2462493115238287,1.2462493115238287,0.0,1.4951214305693643,0.0,0.0,1.2462493115238287,0.0,1.4951214305693643,0.03164453200614492,1.264164557744678,13.339642122585985,0.4502605634195148,-71.75284364486049,10.556024229549351,0.4953253413946921,53.1643095580807,20.915694612514343,0.45058441628866375,10.51938555929874,35.167419839326215,0.7755961843550859,-63.00181129564297,-57.965926651125386,0.11803506802499208,-92.61175526455534,-27.90309501228026,0.7622896139811982,-57.92536688850587,-5.657432373268506,0.3318151160768572,-10.890319174411616,-56.00051071973593
12,1.5985030292286808,64.58959965019727,-18.687509304981177,38.755213097493,99.22892122046508,-9.09976199841877,-64.69525863848942,-87.90251037073415,122.85029282161608,-64.94909325104638,30.680377395166744,-154.54460229562892,0.9580178125,0.0,0.7998046875,0.0,0.0,0.9580178125,0.0,0.7998046875,0.7998046875,0.0,0.9580178125,0.0,0.0,0.7998046875,0.0,0.9580178125,0.0,15.414532450254086,-4.472057802991671,1.0,-21.529869761311332,-28.443701465941928,0.5,20.930714814987738,14.336879067444428,0.5,-65.79752008151794,92.43941886307198,0.25,-84.76510450037694,-1.3841949763083932,0.75,85.32467833219317,82.48757855010976,0.0,-24.430371025077037,-14.472267875341032,1.0,49.829979439889314,15.666497831571618
13,62.93160074140829,47.28246418558436,-50.91008524081002,58.02888447429072,-65.5180963238266,96.67273158528192,-92.7383609802911,94.38027786965202,36.84246969668272,41.000748536578286,0.37214615855235067,0.41414897511695237,0.013842582543999997,0.0,0.00013972305599999998,0.0,0.0,0.013842582543999997,0.0,0.00013972305599999998,0.00013972305599999998,0.0,1.1411344e-05,0.0,0.0,0.00013972305599999998,0.0,1.1411344e-05,0.01,-41.69407288079996,75.23959157865144,0.01,58.475205314703715,-59.573279574001226,0.01,-92.8807077464781,-87.69845123788838,0.01,12.960414813342467,-17.63620927122392,0.01,62.45010097519946,-80.93340772682541,0.01,-62.7546999825199,-95.75366935897299,0.01,-98.95221770934552,37.55595125015191,0.01,12.255360132195221,-87.51576498126099
14,21.862255033129358,39.31468915647778,-71.21044299807369,-81.32315010904851,58.131972404590925,19.564365185282284,19.035875779667606,43.01305337642478,-70.71113668669872,-22.42578362022425,28.153979596381507,-57.49037368113123,1.4412754645515233,0.0,1.234207609103703,0.0,0.0,1.4412754645515233,0.0,1.234207609103703,1.234207609103703,0.0,1.6548705428373809,0.0,0.0,1.234207609103703,0.0,1.6548705428373809,0.7015311225037525,-55.43515229346782,4.014859786754869,0.4756610623170282,27.55536681913857,-12.02845125022695,0.16090480218781045,42.8397236867967,-86.21956096902761,0.25161959937524625,76.4051586755611,69.19288665160735,0.5642281343309149,12.590412228155131,11.55814138020088,0.5294957521933599,-61.803958524411584,-34.68536608802164,0.7933222686667741,64.7273385738938,87.00603514330791,0.9983661352735645,56.49186546085838,17.335602969451486
15,-27.297256524047157,-64.25268763107644,-42.00276971069636,-33.24908695339384,35.58268424548294,-46.32376860521408,-44.301794497425504,87.2993023202988,1.5768358894165928,-216.26014154713636,-2.810225209659377,-163.46316289210066,1.805989687473729,0.0,1.1724591449426165,0.0,0.0,1.805989687473729,0.0,1.1724591449426165,1.1724591449426165,0.0,1.3183932488317178,0.0,0.0,1.1724591449426165,0.0,1.3183932488317178,0.8664296241866308,81.21117420008574,86.74287659342716,0.5950991062220284,-69.71531278093545,-8.420374276136116,0.3050425806688961,84.19102656508696,-98.49347355771829,0.6521339016674824,-60.687488914126945,87.82370417860074,0.36338651818712076,-51.135153837942624,73.10561520598796,0.9351486378056585,50.03554920477157,-48.21712525191331,0.30976593357289073,-64.26403946695146,61.89596345471699,0.2390123531064311,-0.6672807844710889,-18.505109848175465
16,92.24642267333255,26.72248239015282,-70.16837523585693,15.828166747972688,-1.0555925267217106,-55.53973220244739,34.71909042867023,36.036274367525664,23.825770380004016,-26.91262642784746,-51.37520759300616,-82.69623860498841,0.9580178125,0.0,0.7998046875,0.0,0.0,0.9580178125,0.0,0.7998046875,0.7998046875,0.0,0.9580178125,0.0,0.0,0.7998046875,0.0,0.9580178125,0.0,75.40857503612898,23.25371796176124,1.0,7.051034902197301,9.792467724536607,0.5,-43.291459255032635,-92.30990604731697,0.5,27.221377681880796,96.96733765630563,0.25,-48.63057740085519,-2.667479209755939,0.75,81.12754151926868,80.21489329394115,0.0,-99.02049535705231,7.835482534848765,1.0,1.2340551632155723,-86.46478158432092
17,-52.05569403458674,39.57113233715276,-57.01127524996803,69.57681745154693,-4.916669258340491,47.877075789424254,-39.25916310309332,-60.485702975506996,-0.08978758529299916,-0.2837056724375119,-8.888970944006907,-28.086861571313655,1.1411344000000006e-05,0.0,0.00013972305600000036,0.0,0.0,1.1411344000000006e-05,0.0,0.00013972305600000036,0.00013972305600000036,0.0,0.013842582544000021,0.0,0.0,0.00013972305600000036,0.0,0.013842582544000021,0.99,39.4665307061438,-62.315370090451026,0.99,-5.830392466109686,64.08834691366309,0.99,-97.23409488114247,-82.82052885378795,0.99,-80.88931929450351,-13.49457397323792,0.99,75.7342763907416,51.840537296054094,0.99,48.4869942721445,52.59766560348177,0.99,-83.52122495199097,11.559803332035145,0.99,-51.0926262202853,-1.9231715888661256
18,-11.926983245542772,88.97881588463491,89.50647164662172,-80.0460397271953,-94.30256607739813,16.755046506855237,-92.99841667577036,-39.27137244761558,-127.07937714642077,-34.18559808342265,-289.26035468963784,-228.26246004081378,1.4009887650835442,0.0,1.1999403438208145,0.0,0.0,1.4009887650835442,0.0,1.1999403438208145,1.1999403438208145,0.0,1.705811999037692,0.0,0.0,1.1999403438208145,0.0,1.705811999037692,0.5193091072415046,35.476635633325685,48.595395399900184,0.277825621547357,-9.928912776705715,-26.056742163046337,0.13224849938683048,82.33966983837863,-94.45515575743299,0.895821693673902,41.084299198613195,-34.34625994358747,0.48544985817534814,60.38067938728415,4.534217179595217,0.5387378176339993,-79.87605817505381,25.24939566554771,0.8047143842322042,96.94036572521304,96.55513531572305,0.7633412460189406,-12.378870444237037,54.7969857159043
19,76.22083135822672,-58.833102398905226,29.443975309063262,-47.58331249327925,90.6895106072532,-73.3411531546347,62.625206552871134,-85.73687745460059,272.3605285122669,-204.79802996353314,433.18387882135244,-446.3927064726404,0.5231314644825149,0.0,0.7954992316177074,0.0,0.0,0.5231314644825149,0.0,0.7954992316177074,0.7954992316177074,0.0,1.7313904379005813,0.0,0.0,0.7954992316177074,0.0,1.7313904379005813,0.728112661640225,40.53334863558442,-5.085591880812302,0.8206706126583463,30.482286668310508,94.28060190818732,0.5640178004838217,-82.0095473342811,-8.354477746740343,0.06734428248453306,-33.51601823336023,34.634582200489234,0.017014767404829212,-73.65897927960827,-65.40663929579162,0.8075374251040268,-89.77745915892345,27.67350104788946,0.9141354569394086,41.50751761433105,3.3481543172729147,0.5980993405392614,-75.71032597113916,43.466981404148584
20,-55.3099215447459,-12.004385401931202,49.982592750875654,21.35082442298713,91.82529756217687,58.50319952598562,-32.23926055526576,-82.437481571661,60.693133189054635,189.10140875290568,133.00002436456393,202.11330280261697,0.9580178125,0.0,0.7998046875,0.0,0.0,0.9580178125,0.0,0.7998046875,0.7998046875,0.0,0.9580178125,0.0,0.0,0.7998046875,0.0,0.9580178125,0.0,39.064728089441076,-16.286207857481344,1.0,18.230733718249,55.40811355835157,0.5,-3.8277062915717863,-94.65298023845226,0.5,-30.297780412481856,-72.95180386582973,0.25,67.41141081888452,-15.501897797398527,0.75,-39.993456737977255,-56.79849370700858,0.0,25.469253984028924,-83.12495279147177,1.0,57.69771964266863,99.40849226679828
21,-78.25848730314151,70.10875418316965,-22.420788254685206,97.92463656606014,38.94569024057114,-26.23068123687422,-28.034870978027143,67.07004493293161,-48.498469512800845,43.057727619189826,-0.4898835304323318,0.43492654160797806,0.013842582543999997,0.0,0.00013972305599999998,0.0,0.0,0.013842582543999997,0.0,0.00013972305599999998,0.00013972305599999998,0.0,1.1411344e-05,0.0,0.0,0.00013972305599999998,0.0,1.1411344e-05,0.01,88.2003082285396,33.69027869587066,0.01,75.56867491560396,-63.34078759436545,0.01,20.151881633621755,-71.30035951966873,0.01,81.65057963543876,-46.72957221949958,0.01,-38.37617525397947,1.8233897795715706,0.01,-55.24014711069671,5.621759991251565,0.01,78.72112431573791,31.432056531870245,0.01,-38.61115075107047,-56.212260886868016
22,39.36831153678975,31.087370313312874,91.8503319500953,-35.195884307875076,24.303652396598025,31.071375864735927,-84.45679619700468,-87.7654488305436,215.65743585904437,200.28999675520134,117.63798712001235,144.58663626367346,1.8046870852945571,0.0,0.9377184183432792,0.0,0.0,1.8046870852945571,0.0,0.9377184183432792,0.9377184183432792,0.0,1.0241613674735157,0.0,0.0,0.9377184183432792,0.0,1.0241613674735157,0.34635813440260466,-77.38465944896478,15.498347704559805,0.14074030137057336,79.87820761037224,-69.36651433716585,0.17550759038337105,43.41753213891715,-57.37053712197822,0.3478203633849045,19.84061794743201,-47.43391372466104,0.8014368500368008,39.116063348868465,-87.02700928576024,0.760641781435834,-60.419461100168604,-77.13119811632885,0.38045599446203515,-46.24562403148749,-72.42464192352278,0.10641060015985415,72.03271324230434,12.218334691790659
23,78.71559542898308,-77.83270204950699,47.86889561299364,-85.6746382528005,-97.48680854871799,41.800398524409616,-6.270653935683754,88.30103357700597,-33.1417147680384,-203.35983017151136,15.508633982167456,0.4895313659565943,1.5134506144003546,0.0,0.8593057731459302,0.0,0.0,1.5134506144003546,0.0,0.8593057731459302,0.8593057731459302,0.0,0.8691579070515634,0.0,0.0,0.8593057731459302,0.0,0.8691579070515634,0.8340027532404735,-66.75569932239789,0.7337738120031645,0.24441211081316594,63.492712574312094,-47.42460000726296,0.327206891686183,14.25467274459092,22.7769273842044,0.39850912228221225,7.552905970612841,41.880691628516445,0.8881992099574545,-83.5399831832864,-39.9265356931757,0.9484110352126481,60.47534370217596,-9.910768346897967,0.38415509742511944,48.42952066094037,47.15906898336954,0.9788137026800555,-61.271509395869785,53.541634348166184
24,-58.08489094827722,-78.24302286211993,84.5776462510618,-53.93260037791392,-90.2026699428285,-15.086032652631843,99.21572551271657,-10.416310982250494,-114.74585654974882,-231.13264344131153,-152.14009820150756,-219.77898820184285,0.9580178125,0.0,0.7998046875,0.0,0.0,0.9580178125,0.0,0.7998046875,0.7998046875,0.0,0.9580178125,0.0,0.0,0.7998046875,0.0,0.9580178125,0.0,0.571924775555857,-58.89981756539231,1.0,98.54637765570976,24.929835058666498,0.5,82.5551539490057,78.27075218502421,0.5,33.05062054741791,1.5154454830507404,0.25,12.390891287801821,49.97481775317067,0.75,93.61595462089775,68.27074064582555,0.0,90.20555793215783,-44.55634310116974,1.0,-13.660320888161664,50.19558544676096
25,83.61184496020869,-37.9201659190626,77.80406730750192,-12.929695587020618,-47.46968250423107,56.34567125685487,8.460225366145991,80.39034466863683,0.029789057364234414,0.3532304660145206,2.949116679059205,34.96981613543751,1.1411344000000006e-05,0.0,0.00013972305600000036,0.0,0.0,1.1411344000000006e-05,0.0,0.00013972305600000036,0.00013972305600000036,0.0,0.013842582544000021,0.0,0.0,0.00013972305600000036,0.0,0.013842582544000021,0.99,84.73707227002208,37.80635311915785,0.99,-68.37321155901475,92.66558909059853,0.99,6.064255664065897,0.39812675377855555,0.99,48.50906859097691,18.095205958464632,0.99,-98.59089765900283,73.27470580462725,0.99,71.4272098662619,-47.025808364779294,0.99,-49.2580597809781,-69.16433095340741,0.99,10.025742846727866,-63.46972741721923
26,43.65831846456226,-73.26882893618254,35.649764774452706,-92.59739712008998,80.17336857441416,49.18398762861477,-35.70863423550141,-22.46217462036995,307.56979737449416,-369.35425655174475,194.8633523245822,-113.96881747558783,1.7212244648096269,0.0,0.9759234089627706,0.0,0.0,1.7212244648096269,0.0,0.9759234089627706,0.9759234089627706,0.0,1.1148623759564549,0.0,0.0,0.9759234089627706,0.0,1.1148623759564549,0.09428959389914582,-45.52562647778484,49.40692947928173,0.16937351486716334,17.95350661485797,37.62027975784338,0.7188297582480377,27.643704339585156,-6.888703059740749,0.32331623512102536,-14.147988003780014,87.75779060742241,0.7877517366222657,-86.01647110533155,-58.40963575373246,0.1215167075720176,-65.40167091428322,-86.0262639503464,0.44399624230739587,-7.09256870253661,23.05188397219267,0.33686021284427603,-33.09656441489872,37.90126822275573
27,-16.377297875936293,-0.006692902522203781,-29.020708841195983,-20.84938683661757,22.800740231780352,11.602042337248662,-98.84039234395647,-63.722326172667174,-223.780696080393,-39.76635972602198,-70.324545437226,-37.4559496588652,1.527058206297274,0.0,0.3919714998142819,0.0,0.0,1.527058206297274,0.0,0.3919714998142819,0.3919714998142819,0.0,0.13076492835543183,0.0,0.0,0.3919714998142819,0.0,0.13076492835543183,0.10870544388640624,13.895944912859548,-20.834008860080175,0.9749922279664472,-36.38709053966189,-22.104157215675983,0.23894392671084164,49.05622807320134,-29.2268358358388,0.12485132625225115,13.682727697506962,-67.63680870819465,0.1944078404372045,34.63682178376564,79.90560829494365,0.2620465162931416,37.65884500489821,95.26002545211739,0.1605321337149932,48.86058102057288,-86.01162201721647,0.9753226744136363,-51.17145813236492,-10.188142911351889
28,-87.83479742955448,-89.068484625958,-13.997324505935225,73.17404928369771,-15.923664205887022,-10.608190938779245,88.96526240835576,-40.54173806695292,-10.524447641109262,-94.83488365702667,79.72422144611507,-27.91059083314058,0.9580178125,0.0,0.7998046875,0.0,0.0,0.9580178125,0.0,0.7998046875,0.7998046875,0.0,0.9580178125,0.0,0.0,0.7998046875,0.0,0.9580178125,0.0,26.702514445327694,-91.30591663264602,1.0,62.30119852958833,-54.67449369877209,0.5,-22.912095577941045,62.43264870236854,0.5,-47.608634257171275,53.58405491675401,0.25,37.897711032803755,37.54785439856519,0.75,-51.26112607594433,-85.2784304502081,0.0,78.73464781959339,-37.2326584869231,1.0,-16.107779329199133,6.955873563994302
29,-66.87811212028484,-3.796024730902815,-94.78623881931196,-78.93164627103721,-21.653466116213977,-23.44341707717787,-50.0232307039652,-39.6190298381014,-0.076862045193263,-0.2350648645998887,-7.60934247413303,-23.27142159538896,1.1411344000000006e-05,0.0,0.00013972305600000036,0.0,0.0,1.1411344000000006e-05,0.0,0.00013972305600000036,0.00013972305600000036,0.0,0.013842582544000021,0.0,0.0,0.00013972305600000036,0.0,0.013842582544000021,0.99,34.69056279339199,-7.470530183871958,0.99,2.071788644912573,64.99727797048439,0.99,-85.04478603039325,68.94017733750258,0.99,-37.873615444582164,7.974738644474684,0.99,-51.84564757481365,-10.818678614717143,0.99,-60.093272351934665,28.279622744703715,0.99,30.75109512152855,-37.185248229283594,0.99,-96.87783055053463,-32.22573094462496
30,-29.818007302182508,-26.53554608566786,-97.14926500331933,-77.93900271960644,94.96148355423176,66.34094481719697,-99.26826769571923,25.03494327886588,-183.28305840882035,-33.93941571946377,-156.46058619340562,-16.495745739393033,1.5956487389628171,0.0,0.9034290107807165,0.0,0.0,1.5956487389628171,0.0,0.9034290107807165,0.9034290107807165,0.0,1.0347488510098997,0.0,0.0,0.9034290107807165,0.0,1.0347488510098997,0.2758882349127144,-86.53182584051086,80.01573586003394,0.4368373126749474,-25.089857706227136,-76.71348310583986,0.9430778635945636,37.78846971529671,6.080330160179486,0.2483279063719086,76.14056198110325,-93.21152990401558,0.8020932381947997,-3.5544279410689086,51.27705955391937,0.3847651755204067,54.0458434519434,-14.835056206263204,0.09516246103438497,40.38577367815378,17.67696908502616,0.8310772708355361,29.384012257390822,63.533432985526105
31,29.448198536976747,22.759570060642446,67.87985673744228,-65.04937249640093,-92.31661643606476,-12.49743077060046,48.530388509509265,71.93659529564172,-32.46699751681067,-34.21137167579367,89.68500636517985,52.45965849282288,0.5696373746326268,0.0,0.7254072085786719,0.0,0.0,0.5696373746326268,0.0,0.7254072085786719,0.7254072085786719,0.0,1.5308250983207787,0.0,0.0,0.7254072085786719,0.0,1.5308250983207787,0.7777432069236895,-87.4195866459698,70.80807378586843,0.9585424284205483,-76.78250963450452,-96.82938509215839,0.9683259177257507,65.12345359478141,-20.479527823039263,0.7791372337280333,-37.71722695612587,-7.84410232236597,0.6305442666257458,3.0923704643119407,-60.67133744408959,0.5296141533580593,56.17176711565784,41.32418047237431,0.8902492361206062,-61.32615662399672,19.33786964105404,0.1087985897760454,67.10915495832265,44.55368338666028
32,-62.410332867723305,18.171972866197166,94.82872778047516,23.145626056669812,65.63581784130128,-29.92241085962482,26.631411694825317,-57.76968144399104,116.60907625875211,-148.79665568554105,164.15673306442199,-153.65271148759564,0.9580178125,0.0,0.7998046875,0.0,0.0,0.9580178125,0.0,0.7998046875,0.7998046875,0.0,0.9580178125,0.0,0.0,0.7998046875,0.0,0.9580178125,0.0,-50.91023671924961,-4.235544958873987,1.0,-68.16186807951877,53.715535044204955,0.5,-2.121314499161599,43.42602620844286,0.5,-24.62717347103856,53.105137804510434,0.25,32.90388732464967,68.08369882570983,0.75,-23.66257752173182,30.9400044720295,0.0,-86.84421695366822,-99.1422277784644,1.0,-72.08944173051182,-49.94686301791369
33,23.523131401540724,-22.230044159649154,79.71723119258064,-64.28942660357113,-2.5334410466160193,56.740605158628256,86.37699331047031,-43.32539697947255,0.4645158638583131,0.024470231523961414,45.98707052197295,2.422552920872177,1.1411344000000006e-05,0.0,0.00013972305600000036,0.0,0.0,1.1411344000000006e-05,0.0,0.00013972305600000036,0.00013972305600000036,0.0,0.013842582544000021,0.0,0.0,0.00013972305600000036,0.0,0.013842582544000021,0.99,75.17377024258167,-93.64398936853587,0.99,90.27178900290579,-21.599320718965487,0.99,-91.78303046349639,-62.06848163750522,0.99,-90.47346368292663,6.126276449023123,0.99,51.1070868403059,-79.85955476578499,0.99,-41.37746418509991,-72.36553955673256,0.99,-63.87350686094872,-91.66147024934055,0.99,-40.972667665165496,50.76151156116455
34,-66.74507766711761,-97.93267014907427,-55.312041361143116,54.12893550562546,-55.85825375542433,44.0938789447934,40.542770017465756,19.32049835777363,-309.76328358872814,82.14784131343924,-267.7428186129052,169.91046083206834,0.9140766249768754,0.0,1.0318758066665759,0.0,0.0,0.9140766249768754,0.0,1.0318758066665759,1.0318758066665759,0.0,1.6788207625665559,0.0,0.0,1.0318758066665759,0.0,1.6788207625665559,0.11801815677019034,96.58468111821384,-63.07506706816399,0.7740974832384603,-4.363196942586882,-41.158324319321494,0.94832790991765,77.69167066666759,-70.65113023513732,0.4803882269362466,81.76165970920678,-28.540459484961914,0.9949000010262349,-25.733917623574087,7.45840082697417,0.6036236401475074,8.352799404953217,52.504272708004606,0.5408612089294739,99.98003679188366,15.184926647266366,0.7580565203047643,-21.031590099073583,-26.804008587216828
35,-34.588516377981506,98.31582253933925,49.665686957282304,46.702441551300325,54.3503427807419,66.39424216467421,52.674093091532,95.56050915342831,-90.9759924484409,295.97125282720947,4.789955438237328,225.65921377300953,1.3685026122103094,0.0,1.0341964715386145,0.0,0.0,1.3685026122103094,0.0,1.0341964715386145,1.0341964715386145,0.0,1.2123531189360666,0.0,0.0,1.0341964715386145,0.0,1.2123531189360666,0.5179763156632486,99.58181048464431,-5.758376661954756,0.5445699109508686,38.37879085286667,36.02025390910657,0.1894899808185847,88.38411276703928,-55.479150280895006,0.29830415260474497,58.74692489046319,1.098338114939665,0.07229413198713575,-28.142597631306955,-45.51921748155168,0.9855456736061933,72.7467706612349,60.29374593506347,0.6240429219215314,-19.728505822879413,60.03176900727999,0.9056991699934299,20.92095320127696,-84.07473611321603
36,3.5802661421627846,-30.106088874449128,-93.88606152512935,88.69862522246706,83.52345502869218,81.80023234976869,28.251071329016042,93.0196171683695,-116.7188700803874,120.90907687373979,-32.4568143635766,175.7619129414928,0.9580178125,0.0,0.7998046875,0.0,0.0,0.9580178125,0.0,0.7998046875,0.7998046875,0.0,0.9580178125,0.0,0.0,0.7998046875,0.0,0.9580178125,0.0,-17.663924932824955,-41.22563914559778,1.0,-70.81848210162713,-70.18326777015636,0.5,65.0996623598881,-5.3168773609508975,0.5,4.303641322035375,-66.81550787093286,0.25,69.1441112470259,98.40289237407737,0.75,-20.736157778271888,48.96638444918733,0.0,0.8237181098083681,-46.35057877540136,1.0,59.42600639164041,-91.6571094813444
37,51.33551182671755,-86.1213699352454,39.519582775213564,-41.95524566880753,-87.49827265452743,-35.22456997148009,-46.43200548787436,-30.340775827403263,-0.238055819943877,-0.13227734674863165,-23.567526174443802,-13.095457328114522,1.1411344000000006e-05,0.0,0.00013972305600000036,0.0,0.0,1.1411344000000006e-05,0.0,0.00013972305600000036,0.00013972305600000036,0.0,0.013842582544000021,0.0,0.0,0.00013972305600000036,0.0,0.013842582544000021,0.99,89.17391876815816,-24.92159236721436,0.99,-78.18349009698622,-1.3164981843260648,0.99,40.64870033880641,96.81611943069214,0.99,-80.37691169686406,-37.57202041488388,0.99,-2.1076560988556423,91.53845125786003,0.99,19.661993161816312,-73.32665175579893,0.99,-58.25220195371643,-92.70513136260176,0.99,89.29220880337928,20.273424898661304
38,6.401952735761654,39.48878168790796,-87.7383714059034,51.11406915293071,18.837029817610045,-61.06440617432436,-87.74388405325189,5.125525071328525,-164.65088506858808,71.84260897028682,-152.85357091833433,-38.57002383394537,1.1698541734927759,0.0,0.9942146335417811,0.0,0.0,1.1698541734927759,0.0,0.9942146335417811,0.9942146335417811,0.0,1.3336559143752607,0.0,0.0,0.9942146335417811,0.0,1.3336559143752607,0.9240144561022023,71.42683015883199,59.46162990772979,0.005715564146545504,81.54019488608046,18.628106237040058,0.1969902907285348,54.22745763295865,-34.71229665461952,0.6815620807866236,-19.988266704664937,-61.41834352498028,0.5348988433302369,-2.9478418523925427,64.21411241382597,0.6363406585527303,-17.21620400859925,61.863391771309495,0.05025185247084751,44.40545780676334,35.25765409696103,0.3733803582285061,9.786734362799649,-76.852191441108
39,3.237389770535131,-43.51831749097743,97.98602683034844,-46.75585495321213,-64.14825837607032,-53.166094625749324,-92.56514708473271,-84.22851395584487,41.09086412006821,-96.04996578449664,-57.94142979496186,-156.00647163128275,1.76117331241004,0.0,1.0421721629282084,0.0,0.0,1.76117331241004,0.0,1.0421721629282084,1.0421721629282084,0.0,1.1873044416618455,0.0,0.0,1.0421721629282084,0.0,1.1873044416618455,0.24919704711175272,70.93710590236824,-34.94358379166458,0.21732915956317278,-8.885783294056736,-74.90223414603716,0.8679854941104985,-12.54482830615072,46.48354323284582,0.09893848607880207,-76.44822202228423,-24.46087018127234,0.2686454558032667,-21.493251556783278,-4.834515694808857,0.768497992019948,-81.6952020966013,-26.90963674053164,0.524279011885022,87.45530852776301,-32.88363182200946,0.4725587569295998,-6.3315498799754835,-18.615443975860927
40,30.020444328144208,-32.29128537562627,66.50839461036938,84.6076833361276,-85.92986509624032,97.88017363929359,98.26504726537547,64.25845015378653,140.52714931614656,239.9925444860967,44.38221475691121,323.84724326548917,0.9580178125,0.0,0.7998046875,0.0,0.0,0.9580178125,0.0,0.7998046875,0.7998046875,0.0,0.9580178125,0.0,0.0,0.7998046875,0.0,0.9580178125,0.0,-48.956451750149284,-29.0273068088229,1.0,64.5682246650494,-56.24860273672556,0.5,-70.30230066505601,-54.150936709670376,0.5,28.54818362047203,-91.70179679064228,0.25,-97.96323757675742,54.588411845410405,0.75,57.81219992931611,-51.53039025025355,0.0,-64.89313408499082,23.312027716134168,1.0,7.070876562101901,-42.72866238440687
41,17.796877519469703,65.52817619795528,-38.04702222295311,-83.0747770271351,-11.546177289257315,0.7267632656001268,98.23928007987786,75.02735457006787,0.5602464130232507,0.3330648911674519,55.46439488930177,32.97342422557771,1.1411344000000006e-05,0.0,0.00013972305600000036,0.0,0.0,1.1411344000000006e-05,0.0,0.00013972305600000036,0.00013972305600000036,0.0,0.013842582544000021,0.0,0.0,0.00013972305600000036,0.0,0.013842582544000021,0.99,-33.76877272422958,-49.434120424551686,0.99,-37.83435342566004,-89.22400610308061,0.99,-68.7564037008585,89.741995590568,0.99,80.24583431433555,-11.73548015038935,0.99,18.243287893235376,64.59355111546188,0.99,-86.3175794854469,-75.96136363212756,0.99,39.01903997354387,10.397355044513262,0.99,-94.24122592400677,83.2725911773357
42,-97.97715731899173,54.08044547737387,70.44235415787773,88.38083139622748,33.52066464057992,-64.9853154586178,67.68124910031585,-36.17095211635326,25.533887648675403,32.99050129569187,225.31929047170235,-18.52271534261461,0.8074020012776317,0.0,0.6353747583774779,0.0,0.0,0.8074020012776317,0.0,0.6353747583774779,0.6353747583774779,0.0,1.3054793799664843,0.0,0.0,0.6353747583774779,0.0,1.3054793799664843,0.8944476342487082,44.64888504612904,-83.4392853453173,0.10540671343843266,-68.42589158306734,-47.010237067465475,0.676721451266102,-66.26316375605762,-80.20486068832868,0.1831736913487232,-14.522979229144624,97.96888388898256,0.7332856183039411,-58.35666432000461,45.59216087785592,0.6602568132386862,8.718079350130537,18.346744364999125,0.11132365105009001,94.99685025464166,78.68553244732342,0.04133391698578215,-76.20126528872903,-77.61125668386666
43,-15.787384971519899,27.123399716856753,-47.36486317985638,-63.29826841025754,68.57525870313484,-38.209096799283145,95.0010440286585,44.12564178336228,151.21080884313488,5.49237491449084,160.0206886352762,70.70637282911848,1.347033277123202,0.0,0.8889857077548596,0.0,0.0,1.347033277123202,0.0,0.8889857077548596,0.8889857077548596,0.0,0.8484167351309373,0.0,0.0,0.8889857077548596,0.0,0.8484167351309373,0.013741675100275685,39.82634561250876,-6.998585681596836,0.953224636417454,30.820837715537863,-66.45287387078298,0.39881965178070644,-83.48199040852708,-36.60549563700213,0.2628902830527383,-76.06817296126967,51.814304262682356,0.36581936770328594,38.20668144333405,-76.81367402168533,0.8971164333943276,66.9224943307359,5.769117605400481,0.9771409165820985,28.527409970287778,-60.66117821347752,0.560276758696113,-69.27465102335695,-48.97516780640867
44,22.001758943966806,-10.821365778388198,50.07000111852108,43.472174244892216,-14.318517628271678,53.71951710262758,86.9950576224185,-90.73313710767263,-51.83349404542154,33.72816077333863,46.52945224417842,49.43876615721318,0.9580178125,0.0,0.7998046875,0.0,0.0,0.9580178125,0.0,0.7998046875,0.7998046875,0.0,0.9580178125,0.0,0.0,0.7998046875,0.0,0.9580178125,0.0,-86.26993423827332,0.052407793634799305,1.0,75.84038900016111,-92.1480209913468,0.5,32.46623609106683,-68.51905832517218,0.5,65.3685910487302,48.371600833013275,0.25,90.36077170342446,42.014799095554935,0.75,-76.21243167638991,-15.49725795511688,0.0,36.42990159779819,42.34050027413031,1.0,35.02398595108386,26.62173959706618
45,-5.155157471063276,-20.098611881778055,-28.599462594981006,-50.29107925045084,-37.503616488257286,19.583551899032187,21.17132516290978,11.063751713231554,0.02411484633099373,0.10738773013368684,2.387369786768377,10.631385283234987,1.1411344000000006e-05,0.0,0.00013972305600000036,0.0,0.0,1.1411344000000006e-05,0.0,0.00013972305600000036,0.00013972305600000036,0.0,0.013842582544000021,0.0,0.0,0.00013972305600000036,0.0,0.013842582544000021,0.99,22.2825341419951,33.17750864932444,0.99,79.60465430573925,-77.92449787725724,0.99,-22.256463724027626,-17.758988091801015,0.99,27.02090704536029,-20.117594854227022,0.99,-22.142209885645144,-38.20206835252198,0.99,52.16407041689942,-97.00509051603963,0.99,35.037238390260484,52.420720474059834,0.99,-56.85773426144374,74.99063290845541
46,7.493735756983227,-28.266174288087,-40.431498301204,49.79227600735311,-64.33949889237311,95.02220109884186,97.20502877130545,-83.77089115375284,11.766778573891244,72.43291763297684,52.537341854274786,23.362227298540624,0.8865048893585892,0.0,0.8859249992657706,0.0,0.0,0.8865048893585892,0.0,0.8859249992657706,0.8859249992657706,0.0,1.4589919166040441,0.0,0.0,0.8859249992657706,0.0,1.4589919166040441,0.7727490787271826,53.99383206065394,60.46719612851345,0.8354694252904056,-3.1807981240630454,59.648932567996695,0.6724165434314199,-0.09725121328838782,-78.15027856706453,0.9456982353378746,2.4530675004018576,-8.824047741911528,0.02331329350823086,99.27180901551156,-61.144750794333014,0.0842554044080921,56.395363239788594,-50.60119227732842,0.41491534629724536,-50.36092328077557,85.17799189207653,0.48955743566965904,-76.45652681786841,-48.82108415297073
47,56.194140002485796,-56.40940002855621,-80.71317968903308,-13.90156298402249,-13.66876529226839,36.26004399620976,71.03556324157125,99.56846044934323,-401.5671732017014,310.46763305177655,-268.1845365747971,358.30334817915923,1.8857922747735714,0.0,1.3357396350552273,0.0,0.0,1.8857922747735714,0.0,1.3357396350552273,1.3357396350552273,0.0,1.4980093769240412,0.0,0.0,1.3357396350552273,0.0,1.4980093769240412,0.8500121769061463,17.174448868182267,13.026599128628135,0.6916223138264858,73.12538977997849,-79.92021675508134,0.13978320367291375,69.43401609457254,-37.92717102518894,0.4751183072717071,59.85677838931559,-84.60007372119081,0.25177816863417934,94.66822304286859,-99.7184175022863,0.4808098239359324,68.51894890098302,-52.589323752452,0.5078856917334204,17.503442357573306,-88.30687888085708,0.26390696940714475,91.8768031583385,-9.159933033112736
