whole,0,8,1,0.0050000000000000001,0.29999999999999999,0.75,0,11,23,0,1000,11,23,1,1001,11,23,2,1002,11,23,3,1003,11,23,4,1004,11,23,5,1005,11,23,0,1006,11,23,1,1007,8,0,1,2,0,4,5,6,7,17,20,23,26,29,32,35,38,8,0,0,4,1000,5,1001,5,1002,3,1003,4,1004,5,1005,5,1006,5,1007,5000,5000.125,5000.25,5000.375,5000.5,5000.625,5000.75,5000.875,5001,5001.125,5001.25,5001.375,5001.5,5001.625,5001.75,5001.875,5002,5002.125,5002.25,5002.375,5002.5,5002.625,5002.75,5002.875,5003,5003.125,5003.25,5003.375,5003.5,5003.625,5003.75,5003.875,5004,5004.125,5004.25,5004.375,5004.5,5004.625,5004.75,5004.875,5005,5005.125,5005.25,5005.375,5005.5,5005.625,5005.75,5005.875,5006,5006.125,5006.25,5006.375,5006.5,5006.625,5006.75,5006.875,5007,5007.125,5007.25,5007.375,5007.5,5007.625,5007.75,5007.875,8,0,0,17,0,1,0,1,1,0,20,1,2,1,2,2,0,23,2,0,2,3,3,0,26,0,4,3,4,4,0,29,4,5,4,5,5,0,32,5,6,5,6,6,0,35,6,7,6,7,7,0,38,7,0,7,0
whole,1,9,2,0.01,0.69999999999999996,0.5,1,1,0.13,1,1000,3,1.1100000000000001,2,1001,5,1.0600000000000001,3,1002,7,1.1500000000000001,4,1003,9,1.3800000000000001,5,1004,11,1.7500000000000002,0,1005,13,3.4300000000000006,1,1006,15,4.0800000000000001,2,1007,17,4.8700000000000001,3,1008,9,0,1,2,3,4,5,6,7,8,17,20,23,26,29,32,35,38,41,8,0,8,7,6,5,4,3,2,117,120,123,126,129,132,135,138,8,0,0,5,1000,5,1001,4,1002,4,1003,2,4,5,1005,5,1006,2,6,4,1008,5000,5000.125,5000.25,5000.375,5000.5,5000.625,5000.75,5000.875,5001,5001.125,5001.25,5001.375,5001.5,5001.625,5001.75,5001.875,5002,5002.125,5002.25,5002.375,5002.5,5002.625,5002.75,5002.875,5003,5003.125,5003.25,5003.375,5003.5,5003.625,5003.75,5003.875,7,1.1500000000000001,8,1.3,10,1.6000000000000003,11,1.7500000000000002,5005,5005.125,5005.25,5005.375,5005.5,5005.625,5005.75,5005.875,13,3.4300000000000006,14,3.7900000000000009,16,4.5099999999999998,17,4.8700000000000001,5007,5007.125,5007.25,5007.375,5007.5,5007.625,5007.75,5007.875,7,0,0,17,0,1,0,1,1,0,20,1,2,1,2,2,0,23,2,3,2,3,4,1,29,3,5,3,5,5,0,32,5,6,5,6,6,1,38,6,8,6,8,8,0,41,8,0,8,0,6,0,0,117,0,8,0,1,6,2,123,8,6,1,3,3,0,126,6,5,3,4,4,2,132,5,3,4,6,6,0,135,3,2,6,7,7,0,138,2,0,7,0
whole,2,10,3,0.014999999999999999,1.1000000000000001,0.5,2,2,0.26000000000000001,2,1000,4,0.070000000000000007,3,1001,6,1.1899999999999999,4,1002,8,1.2800000000000002,5,1003,10,1.5100000000000002,0,1004,12,1.8800000000000003,1,1005,14,3.5600000000000005,2,1006,16,4.21,3,1007,18,5,4,1008,20,5.9300000000000006,5,1009,10,0,1,2,3,4,5,6,7,8,9,17,20,23,26,29,32,35,38,41,44,9,0,9,8,7,6,5,4,3,2,117,120,123,126,129,132,135,138,141,8,2,3,4,5,6,7,8,9,217,220,223,226,229,232,235,238,7,0,0,5,1000,4,1001,4,1002,2,4,2,4,5,1005,2,5,4,1007,4,1008,5,1009,5000,5000.125,5000.25,5000.375,5000.5,5000.625,5000.75,5000.875,5001,5001.125,5001.25,5001.375,5001.5,5001.625,5001.75,5001.875,5002,5002.125,5002.25,5002.375,5002.5,5002.625,5002.75,5002.875,5003,5003.125,5003.25,5003.375,5003.5,5003.625,5003.75,5003.875,6,1.1899999999999999,7.5,1.3625,10.5,1.7075,12,1.8800000000000003,12,1.8800000000000003,13,2.4625000000000004,15,3.6274999999999999,16,4.21,5006,5006.125,5006.25,5006.375,5006.5,5006.625,5006.75,5006.875,7,0,0,17,0,1,0,1,1,0,20,1,2,1,2,4,1,26,2,5,2,5,5,1,35,5,7,5,7,7,0,38,7,8,7,8,8,0,41,8,9,8,9,9,0,44,9,0,9,0,6,0,0,117,0,9,0,1,1,0,120,9,8,1,2,2,0,123,8,7,2,3,5,2,129,7,5,3,5,4,2,135,5,2,5,8,8,0,141,2,0,8,0,5,4,1,220,2,5,0,3,5,1,229,5,7,3,5,5,0,232,7,8,5,6,6,0,235,8,9,6,7,7,0,238,9,2,7,0
whole,3,11,1,0.02,1.5000000000000002,0.75,3,3,0.39000000000000001,3,1000,5,0.20000000000000001,4,1001,7,1.3200000000000001,5,1002,9,1.4100000000000001,0,1003,11,1.6400000000000001,1,1004,13,2.0100000000000002,2,1005,15,2.5200000000000005,3,1006,17,4.3399999999999999,4,1007,19,5.1300000000000008,5,1008,21,6.0600000000000005,0,1009,23,7.1300000000000008,1,1010,11,0,1,2,3,4,5,6,7,8,9,10,17,20,23,26,29,32,35,38,41,44,47,4,0,0,4,1000,4,1001,2,0,2,0,2,0,2,0,4,1006,4,1007,2,2,2,2,2,2,5,0.20000000000000001,7.8709620295998715,2.3665599489997606,11.80230859982683,1.0094800596437099,15,2.5200000000000005,5001,5001.125,5001.25,5001.375,5001.5,5001.625,5001.75,5001.875,17,4.3399999999999999,28.730593340278137,9.4084271888580044,24.063926673611469,8.091760522191338,3,0.39000000000000412,5003,5003.125,5003.25,5003.375,5003.5,5003.625,5003.75,5003.875,4,0,0,17,0,1,0,1,0,1,23,1,6,1,6,6,0,35,6,7,6,7,2,1,41,7,0,7,0
whole,4,12,2,0.0050000000000000001,1.9000000000000001,0.5,4,4,0.52000000000000002,4,1000,6,0.33000000000000002,5,1001,8,0.28000000000000003,0,1002,10,1.54,1,1003,12,1.77,2,1004,14,2.1400000000000001,3,1005,16,2.6500000000000004,4,1006,18,4.4700000000000006,5,1007,20,5.2600000000000007,0,1008,22,6.1900000000000013,1,1009,24,7.2600000000000007,2,1010,26,8.4700000000000006,3,1011,12,0,1,2,3,4,5,6,7,8,9,10,11,17,20,23,26,29,32,35,38,41,44,47,50,11,0,11,10,9,8,7,6,5,4,3,2,117,120,123,126,129,132,135,138,141,144,147,4,0,0,4,1000,2,0,2,0,2,0,2,0,4,1005,4,1006,2,2,2,2,2,2,2,2,4,1011,4,0.52000000000000002,7.7169207674111346,-0.78753971774925002,10.332033920034132,2.2762670847014856,14,2.1400000000000001,5001,5001.125,5001.25,5001.375,5001.5,5001.625,5001.75,5001.875,16,2.6500000000000004,18.607331884160601,5.6691390605460743,22.975727096108088,5.9425537280280345,26,8.4700000000000006,5003,5003.125,5003.25,5003.375,5003.5,5003.625,5003.75,5003.875,4,0,1,20,0,5,0,5,5,0,32,5,6,5,6,2,1,38,6,11,6,11,11,0,50,11,0,11,0,4,0,0,117,0,11,0,1,2,2,123,11,6,1,6,6,0,135,6,5,6,7,0,2,141,5,0,7,0
whole,5,13,3,0.01,2.2999999999999998,0.5,5,5,0.65000000000000002,5,1000,7,0.46000000000000002,0,1001,9,0.41000000000000003,1,1002,11,1.6700000000000002,2,1003,13,1.9000000000000001,3,1004,15,2.2700000000000005,4,1005,17,2.7800000000000002,5,1006,19,3.4300000000000002,0,1007,21,5.3900000000000006,1,1008,23,6.3200000000000012,2,1009,25,7.3900000000000006,3,1010,27,8.6000000000000014,4,1011,29,11.120000000000001,5,1012,13,0,1,2,0,4,5,6,7,8,9,10,11,12,17,20,23,26,29,32,35,38,41,44,47,50,53,12,0,12,11,0,9,8,7,6,5,4,3,2,117,120,123,126,129,132,135,138,141,144,147,150,11,2,3,4,2,6,7,8,9,10,11,12,217,220,223,226,229,232,235,238,241,244,247,8,0,0,4,1000,2,2,4,2,2,6,4,1004,4,1005,2,4,2,4,2,4,2,4,4,1010,4,1011,5,1012,5000,5000.125,5000.25,5000.375,5000.5,5000.625,5000.75,5000.875,5001,5001.125,5001.25,5001.375,5001.5,5001.625,5001.75,5001.875,5,0.65000000000000002,6,0.59000000000000008,8,0.46999999999999997,9,0.41000000000000003,5003,5003.125,5003.25,5003.375,5003.5,5003.625,5003.75,5003.875,15,2.2700000000000005,19.145327410168612,2.4562016184311424,21.218099124637437,6.2311026424602636,25,7.3900000000000006,5005,5005.125,5005.25,5005.375,5005.5,5005.625,5005.75,5005.875,13,1.9000000000000001,12,1.5275000000000001,10,0.78249999999999997,9,0.41000000000000003,5007,5007.125,5007.25,5007.375,5007.5,5007.625,5007.75,5007.875,8,2,1,20,0,2,0,2,2,0,23,2,0,2,3,3,0,26,0,4,3,4,4,0,29,4,5,4,5,4,1,35,5,10,5,10,10,0,47,10,11,10,11,11,0,50,11,12,11,12,12,0,53,12,0,12,0,7,0,0,117,0,12,0,1,1,0,120,12,11,1,2,2,0,123,11,0,2,3,4,2,129,0,5,3,8,8,0,141,5,4,8,9,6,1,147,4,2,9,11,11,0,150,2,0,11,0,6,6,2,220,2,4,0,2,2,0,223,4,2,2,3,4,2,229,2,10,3,8,8,0,241,10,11,8,9,9,0,244,11,12,9,10,10,0,247,12,2,10,0
whole,6,14,1,0.014999999999999999,2.7000000000000002,0.75,6,6,0.78000000000000003,0,1000,8,0.59000000000000008,1,1001,10,0.54000000000000004,2,1002,12,0.63000000000000012,3,1003,14,2.0300000000000002,4,1004,16,2.4000000000000004,5,1005,18,2.9100000000000006,0,1006,20,3.5600000000000001,1,1007,22,5.5200000000000005,2,1008,24,6.4500000000000011,3,1009,26,7.5200000000000014,4,1010,28,8.7300000000000004,5,1011,30,10.080000000000002,0,1012,32,12.740000000000002,1,1013,14,0,1,2,3,4,5,6,7,8,9,10,11,12,13,17,20,23,26,29,32,35,38,41,44,47,50,53,56,5,0,0,2,1,2,1,2,1,4,1003,4,1004,2,3,2,3,2,3,2,3,4,1009,4,1010,2,0,2,0,5,1013,26,7.5200000000000014,27.5,8.8250000000000011,30.5,11.435000000000002,32,12.740000000000002,32,12.740000000000002,3.9991288942792096,4.0924367507322135,-2.6675377723874583,0.055770084065546399,11.999999999999996,0.63000000000000078,5002,5002.125,5002.25,5002.375,5002.5,5002.625,5002.75,5002.875,14,2.0300000000000002,18.072258721425396,2.0080464033986494,20.796786752907803,4.5802941733377169,24,6.4500000000000011,5004,5004.125,5004.25,5004.375,5004.5,5004.625,5004.75,5004.875,5,1,1,17,13,3,13,3,3,0,26,3,4,3,4,3,1,32,4,9,4,9,9,0,44,9,10,9,10,0,1,50,10,13,10,13
whole,7,15,2,0.02,0.29999999999999999,0.5,7,7,0.91000000000000003,1,1000,9,0.71999999999999997,2,1001,11,0.67000000000000004,3,1002,13,0.76000000000000012,4,1003,15,2.1600000000000001,5,1004,17,2.5300000000000002,0,1005,19,3.0400000000000005,1,1006,21,3.6900000000000004,2,1007,23,4.4800000000000004,3,1008,25,6.580000000000001,4,1009,27,7.6500000000000012,5,1010,29,8.8600000000000012,0,1011,31,10.210000000000003,1,1012,33,12.870000000000001,2,1013,35,14.5,3,1014,15,0,1,2,3,4,5,6,7,8,9,10,11,12,13,14,17,20,23,26,29,32,35,38,41,44,47,50,53,56,59,14,0,14,13,12,11,10,9,8,7,6,5,4,3,2,117,120,123,126,129,132,135,138,141,144,147,150,153,156,7,0,0,5,1000,2,1,4,1002,4,1003,2,3,2,3,2,3,2,3,4,1008,4,1009,2,5,2,5,2,5,2,5,4,1014,5000,5000.125,5000.25,5000.375,5000.5,5000.625,5000.75,5000.875,7,0.91000000000000003,8,0.84999999999999998,10,0.73000000000000009,11,0.67000000000000004,5002,5002.125,5002.25,5002.375,5002.5,5002.625,5002.75,5002.875,13,0.76000000000000012,15.735876827353215,3.2789266631872556,19.886109642083021,2.5541145363182283,23,4.4800000000000004,5004,5004.125,5004.25,5004.375,5004.5,5004.625,5004.75,5004.875,25,6.580000000000001,29.276558293262777,8.0899197171092663,31.831502174237809,11.603086688635113,35,14.5,5006,5006.125,5006.25,5006.375,5006.5,5006.625,5006.75,5006.875,6,1,1,20,0,2,0,2,2,0,23,2,3,2,3,3,1,29,3,8,3,8,8,0,41,8,9,8,9,5,1,47,9,14,9,14,14,0,59,14,0,14,0,6,0,0,117,0,14,0,1,5,2,123,14,9,1,6,6,0,135,9,8,6,7,3,2,141,8,3,7,12,12,0,153,3,2,12,13,13,0,156,2,0,13,0
whole,8,16,3,0.0050000000000000001,0.69999999999999996,0.5,8,8,1.04,2,1000,10,0.85000000000000009,3,1001,12,0.80000000000000004,4,1002,14,0.89000000000000012,5,1003,16,1.1200000000000001,0,1004,18,2.6600000000000001,1,1005,20,3.1700000000000004,2,1006,22,3.8200000000000003,3,1007,24,4.6100000000000003,4,1008,26,6.7100000000000009,5,1009,28,7.7800000000000011,0,1010,30,8.9900000000000002,1,1011,32,10.340000000000002,2,1012,34,11.830000000000002,3,1013,36,14.630000000000001,4,1014,38,16.400000000000002,5,1015,16,0,1,2,3,4,5,6,7,8,9,10,11,12,13,14,15,17,20,23,26,29,32,35,38,41,44,47,50,53,56,59,62,15,0,15,14,13,12,11,10,9,8,7,6,5,4,3,2,117,120,123,126,129,132,135,138,141,144,147,150,153,156,159,14,2,3,4,5,6,7,8,9,10,11,12,13,14,15,217,220,223,226,229,232,235,238,241,244,247,250,253,256,8,0,0,5,1000,4,1001,4,1002,2,4,2,4,2,4,2,4,4,1007,4,1008,2,6,2,6,2,6,2,6,4,1013,4,1014,5,1015,5000,5000.125,5000.25,5000.375,5000.5,5000.625,5000.75,5000.875,5001,5001.125,5001.25,5001.375,5001.5,5001.625,5001.75,5001.875,5002,5002.125,5002.25,5002.375,5002.5,5002.625,5002.75,5002.875,5003,5003.125,5003.25,5003.375,5003.5,5003.625,5003.75,5003.875,12,0.80000000000000004,15.920059741581353,0.061516832356028027,18.272522975259697,3.4465688485455712,22,3.8200000000000003,5005,5005.125,5005.25,5005.375,5005.5,5005.625,5005.75,5005.875,24,4.6100000000000003,26.564972631637943,7.9635272172841844,31.01136983581198,8.904586325990401,34,11.830000000000002,5007,5007.125,5007.25,5007.375,5007.5,5007.625,5007.75,5007.875,8,0,0,17,0,1,0,1,1,0,20,1,2,1,2,4,1,26,2,7,2,7,7,0,38,7,8,7,8,6,1,44,8,13,8,13,13,0,56,13,14,13,14,14,0,59,14,15,14,15,15,0,62,15,0,15,0,7,0,0,117,0,15,0,1,1,0,120,15,14,1,2,2,0,123,14,13,2,3,6,2,129,13,8,3,8,8,0,141,8,7,8,9,4,2,147,7,2,9,14,14,0,159,2,0,14,0,6,4,1,220,2,7,0,5,5,0,232,7,8,5,6,6,1,238,8,13,6,11,11,0,250,13,14,11,12,12,0,253,14,15,12,13,13,0,256,15,2,13,0
whole,9,17,1,0.01,1.1000000000000001,0.75,9,9,0,3,1000,11,0.97999999999999998,4,1001,13,0.93000000000000005,5,1002,15,1.02,0,1003,17,1.25,1,1004,19,2.79,2,1005,21,3.3000000000000007,3,1006,23,3.9500000000000002,4,1007,25,4.7400000000000002,5,1008,27,5.6700000000000008,0,1009,29,7.910000000000001,1,1010,31,9.120000000000001,2,1011,33,10.470000000000002,3,1012,35,11.960000000000003,4,1013,37,14.760000000000002,5,1014,39,16.530000000000001,0,1015,41,18.440000000000001,1,1016,17,0,1,2,3,4,5,6,7,8,9,10,11,12,13,14,15,16,17,20,23,26,29,32,35,38,41,44,47,50,53,56,59,62,65,6,0,0,4,1000,4,1001,2,0,2,0,2,0,2,0,4,1006,4,1007,2,2,2,2,2,2,2,2,4,1012,4,1013,2,4,2,4,2,4,11,0.97999999999999998,14.820649479902372,0.11268332308254657,17.746064701344313,2.0118381649258006,21,3.3000000000000007,5001,5001.125,5001.25,5001.375,5001.5,5001.625,5001.75,5001.875,23,3.9500000000000002,27.237963868337822,4.7712666643456991,29.202773920664505,8.7830142705900762,33,10.470000000000002,5003,5003.125,5003.25,5003.375,5003.5,5003.625,5003.75,5003.875,35,11.960000000000003,48.730005136203943,26.314512683747498,40.063338469537278,22.32784601708083,9,0,5005,5005.125,5005.25,5005.375,5005.5,5005.625,5005.75,5005.875,6,0,0,17,0,1,0,1,0,1,23,1,6,1,6,6,0,35,6,7,6,7,2,1,41,7,12,7,12,12,0,53,12,13,12,13,4,1,59,13,0,13,0
whole,10,18,2,0.014999999999999999,1.5000000000000002,0.5,10,10,0.13,4,1000,12,1.1100000000000001,5,1001,14,1.0600000000000001,0,1002,16,1.1500000000000001,1,1003,18,1.3800000000000001,2,1004,20,1.7500000000000002,3,1005,22,3.4300000000000006,4,1006,24,4.0800000000000001,5,1007,26,4.8700000000000001,0,1008,28,5.8000000000000007,1,1009,30,8.0400000000000009,2,1010,32,9.25,3,1011,34,10.600000000000001,4,1012,36,12.090000000000002,5,1013,38,13.720000000000001,0,1014,40,16.66,1,1015,42,18.57,2,1016,44,20.620000000000001,3,1017,18,0,1,2,0,4,5,6,7,8,9,10,11,12,13,14,15,16,17,17,20,23,26,29,32,35,38,41,44,47,50,53,56,59,62,65,68,17,0,17,16,0,14,13,12,11,10,9,8,7,6,5,4,3,2,117,120,123,126,129,132,135,138,141,144,147,150,153,156,159,162,165,11,0,0,4,1000,2,0,4,1002,2,9,4,3,4,1005,4,1006,2,5,2,5,2,5,2,5,4,1011,4,1012,2,7,2,7,2,7,2,7,4,1017,10,0.13,11,0.36250000000000004,13,0.82750000000000001,14,1.0600000000000001,5001,5001.125,5001.25,5001.375,5001.5,5001.625,5001.75,5001.875,5002,5002.125,5002.25,5002.375,5002.5,5002.625,5002.75,5002.875,5003,5003.125,5003.25,5003.375,5003.5,5003.625,5003.75,5003.875,5004,5004.125,5004.25,5004.375,5004.5,5004.625,5004.75,5004.875,22,3.4300000000000006,26.18589537232512,4.0140691989457506,28.815477432006201,6.9788554655836847,32,9.25,5006,5006.125,5006.25,5006.375,5006.5,5006.625,5006.75,5006.875,34,10.600000000000001,38.312736691084609,12.974863755410777,40.213803063693703,17.627877992994318,44,20.620000000000001,5008,5008.125,5008.25,5008.375,5008.5,5008.625,5008.75,5008.875,18,1.3800000000000001,17,1.3000000000000003,15,1.1400000000000001,14,1.0600000000000001,5010,5010.125,5010.25,5010.375,5010.5,5010.625,5010.75,5010.875,9,0,1,20,0,2,0,2,2,0,23,2,0,2,3,3,0,26,0,4,3,4,4,0,29,4,5,4,5,5,0,32,5,6,5,6,5,1,38,6,11,6,11,11,0,50,11,12,11,12,7,1,56,12,17,12,17,17,0,68,17,0,17,0,9,0,0,117,0,17,0,1,7,2,123,17,0,1,3,7,2,129,0,12,3,6,6,0,135,12,11,6,7,5,2,141,11,6,7,12,12,0,153,6,5,12,13,13,0,156,5,4,13,14,9,1,162,4,2,14,16,16,0,165,2,0,16,0
whole,11,19,3,0.02,1.9000000000000001,0.5,11,11,23,5,1000,11,23,0,1001,11,23,1,1002,11,23,2,1003,11,23,3,1004,11,23,4,1005,11,23,5,1006,11,23,0,1007,11,23,1,1008,11,23,2,1009,11,23,3,1010,11,23,4,1011,11,23,5,1012,11,23,0,1013,11,23,1,1014,11,23,2,1015,11,23,3,1016,11,23,4,1017,11,23,5,1018,19,0,1,2,3,4,5,6,7,8,9,10,11,12,13,14,15,16,17,18,17,20,23,26,29,32,35,38,41,44,47,50,53,56,59,62,65,68,71,18,0,18,17,16,15,14,13,12,11,10,9,8,7,6,5,4,3,2,117,120,123,126,129,132,135,138,141,144,147,150,153,156,159,162,165,168,17,2,3,4,5,6,7,8,9,10,11,12,13,14,15,16,17,18,217,220,223,226,229,232,235,238,241,244,247,250,253,256,259,262,265,6,0,0,2,0,2,0,2,0,2,0,4,1004,4,1005,2,2,2,2,2,2,2,2,4,1010,4,1011,2,4,2,4,2,4,2,4,4,1016,4,1017,2,0,11,23,0,0,0,0,11,23,5001,5001.125,5001.25,5001.375,5001.5,5001.625,5001.75,5001.875,11,23,0,0,0,0,11,23,5003,5003.125,5003.25,5003.375,5003.5,5003.625,5003.75,5003.875,11,23,0,0,0,0,11,23,5005,5005.125,5005.25,5005.375,5005.5,5005.625,5005.75,5005.875,6,0,1,71,17,4,17,4,4,0,29,4,5,4,5,2,1,35,5,10,5,10,10,0,47,10,11,10,11,4,1,53,11,16,11,16,16,0,65,16,17,16,17,6,0,1,165,4,17,15,2,2,0,123,17,16,2,3,4,1,129,16,11,3,8,8,0,141,11,10,8,9,2,1,147,10,5,9,14,14,0,159,5,4,14,15,6,0,1,265,17,4,15,2,2,0,223,4,5,2,3,2,1,229,5,10,3,8,8,0,241,10,11,8,9,4,1,247,11,16,9,14,14,0,259,16,17,14,15
whole,12,20,1,0.0050000000000000001,2.2999999999999998,0.75,12,12,0.39000000000000001,0,1000,14,0.20000000000000001,1,1001,16,1.3200000000000001,2,1002,18,1.4100000000000001,3,1003,20,1.6400000000000001,4,1004,22,2.0100000000000002,5,1005,24,2.5200000000000005,0,1006,26,4.3399999999999999,1,1007,28,5.1300000000000008,2,1008,30,6.0600000000000005,3,1009,32,7.1300000000000008,4,1010,34,9.5100000000000016,5,1011,36,10.860000000000001,0,1012,38,12.350000000000001,1,1013,40,13.98,2,1014,42,15.750000000000002,3,1015,44,18.830000000000002,4,1016,46,20.879999999999999,5,1017,48,23.070000000000004,0,1018,50,25.400000000000002,1,1019,20,0,1,2,3,4,5,6,7,8,9,10,11,12,13,14,15,16,17,18,19,17,20,23,26,29,32,35,38,41,44,47,50,53,56,59,62,65,68,71,74,7,0,0,2,1,2,1,2,1,4,1003,4,1004,2,3,2,3,2,3,2,3,4,1009,4,1010,2,5,2,5,2,5,2,5,4,1015,4,1016,2,0,2,0,5,1019,44,18.830000000000002,45.5,20.472500000000004,48.5,23.7575,50,25.400000000000002,50,25.400000000000002,9.1388997187781555,4.8121951593733847,-1.5277669478885088,-3.184471507293285,18.000000000000007,1.409999999999993,5002,5002.125,5002.25,5002.375,5002.5,5002.625,5002.75,5002.875,20,1.6400000000000001,24.081807425255441,1.5118929817783682,26.231626599701364,5.1645630133518532,30,6.0600000000000005,5004,5004.125,5004.25,5004.375,5004.5,5004.625,5004.75,5004.875,32,7.1300000000000008,34.548688893825847,10.828265968026871,39.031237660780185,12.422878731506529,42,15.750000000000002,5006,5006.125,5006.25,5006.375,5006.5,5006.625,5006.75,5006.875,7,1,1,17,19,3,19,3,3,0,26,3,4,3,4,3,1,32,4,9,4,9,9,0,44,9,10,9,10,5,1,50,10,15,10,15,15,0,62,15,16,15,16,0,1,68,16,19,16,19
whole,13,21,2,0.01,2.7000000000000002,0.5,0,13,0.52000000000000002,1,1000,15,0.33000000000000002,2,1001,17,0.28000000000000003,3,1002,19,1.54,4,1003,21,1.77,5,1004,23,2.1400000000000001,0,1005,25,2.6500000000000004,1,1006,27,4.4700000000000006,2,1007,29,5.2600000000000007,3,1008,31,6.1900000000000013,4,1009,33,7.2600000000000007,5,1010,35,8.4700000000000006,0,1011,37,10.990000000000002,1,1012,39,12.480000000000002,2,1013,41,14.110000000000001,3,1014,43,15.880000000000003,4,1015,45,18.960000000000001,5,1016,47,21.010000000000002,0,1017,49,23.200000000000003,1,1018,51,25.530000000000005,2,1019,53,28.000000000000004,3,1020,21,0,1,2,3,4,5,6,7,8,9,10,11,12,13,14,15,16,17,18,19,20,17,20,23,26,29,32,35,38,41,44,47,50,53,56,59,62,65,68,71,74,77,20,0,20,19,18,17,16,15,14,13,12,11,10,9,8,7,6,5,4,3,2,117,120,123,126,129,132,135,138,141,144,147,150,153,156,159,162,165,168,171,174,22,0,0,5,1000,5,1001,4,1002,4,1003,5,1004,5,1005,5,1006,5,1007,4,1008,4,1009,5,1010,5,1011,5,1012,5,1013,4,1014,4,1015,5,1016,5,1017,5,1018,5,1019,4,1020,5000,5000.125,5000.25,5000.375,5000.5,5000.625,5000.75,5000.875,5001,5001.125,5001.25,5001.375,5001.5,5001.625,5001.75,5001.875,5002,5002.125,5002.25,5002.375,5002.5,5002.625,5002.75,5002.875,5003,5003.125,5003.25,5003.375,5003.5,5003.625,5003.75,5003.875,5004,5004.125,5004.25,5004.375,5004.5,5004.625,5004.75,5004.875,5005,5005.125,5005.25,5005.375,5005.5,5005.625,5005.75,5005.875,5006,5006.125,5006.25,5006.375,5006.5,5006.625,5006.75,5006.875,5007,5007.125,5007.25,5007.375,5007.5,5007.625,5007.75,5007.875,5008,5008.125,5008.25,5008.375,5008.5,5008.625,5008.75,5008.875,5009,5009.125,5009.25,5009.375,5009.5,5009.625,5009.75,5009.875,5010,5010.125,5010.25,5010.375,5010.5,5010.625,5010.75,5010.875,5011,5011.125,5011.25,5011.375,5011.5,5011.625,5011.75,5011.875,5012,5012.125,5012.25,5012.375,5012.5,5012.625,5012.75,5012.875,5013,5013.125,5013.25,5013.375,5013.5,5013.625,5013.75,5013.875,5014,5014.125,5014.25,5014.375,5014.5,5014.625,5014.75,5014.875,5015,5015.125,5015.25,5015.375,5015.5,5015.625,5015.75,5015.875,5016,5016.125,5016.25,5016.375,5016.5,5016.625,5016.75,5016.875,5017,5017.125,5017.25,5017.375,5017.5,5017.625,5017.75,5017.875,5018,5018.125,5018.25,5018.375,5018.5,5018.625,5018.75,5018.875,5019,5019.125,5019.25,5019.375,5019.5,5019.625,5019.75,5019.875,5020,5020.125,5020.25,5020.375,5020.5,5020.625,5020.75,5020.875,5021,5021.125,5021.25,5021.375,5021.5,5021.625,5021.75,5021.875,21,0,0,17,0,1,0,1,1,0,20,1,2,1,2,2,0,23,2,3,2,3,3,0,26,3,4,3,4,4,0,29,4,5,4,5,5,0,32,5,6,5,6,6,0,35,6,7,6,7,7,0,38,7,8,7,8,8,0,41,8,9,8,9,9,0,44,9,10,9,10,10,0,47,10,11,10,11,11,0,50,11,12,11,12,12,0,53,12,13,12,13,13,0,56,13,14,13,14,14,0,59,14,15,14,15,15,0,62,15,16,15,16,16,0,65,16,17,16,17,17,0,68,17,18,17,18,18,0,71,18,19,18,19,19,0,74,19,20,19,20,20,0,77,20,0,20,0,20,0,0,117,0,20,0,1,1,0,120,20,19,1,2,2,0,123,19,18,2,3,3,0,126,18,17,3,4,4,0,129,17,16,4,5,5,0,132,16,15,5,6,6,0,135,15,14,6,7,7,0,138,14,13,7,8,8,0,141,13,12,8,9,9,0,144,12,11,9,10,10,0,147,11,10,10,11,11,0,150,10,9,11,12,12,0,153,9,8,12,13,13,0,156,8,7,13,14,14,0,159,7,6,14,15,15,0,162,6,5,15,16,16,0,165,5,4,16,17,17,0,168,4,3,17,18,18,0,171,3,2,18,19,19,0,174,2,0,19,0
whole,14,22,3,0.014999999999999999,0.29999999999999999,0.5,1,14,0.65000000000000002,2,1000,16,0.46000000000000002,3,1001,18,0.41000000000000003,4,1002,20,1.6700000000000002,5,1003,22,1.9000000000000001,0,1004,24,2.2700000000000005,1,1005,26,2.7800000000000002,2,1006,28,3.4300000000000002,3,1007,30,5.3900000000000006,4,1008,32,6.3200000000000012,5,1009,34,7.3900000000000006,0,1010,36,8.6000000000000014,1,1011,38,11.120000000000001,2,1012,40,12.610000000000001,3,1013,42,14.24,4,1014,44,16.010000000000002,5,1015,46,17.920000000000002,0,1016,48,21.140000000000001,1,1017,50,23.330000000000002,2,1018,52,25.660000000000004,3,1019,54,28.130000000000003,4,1020,56,31.910000000000004,5,1021,22,0,1,2,3,4,5,6,7,8,9,10,11,12,13,14,15,16,17,18,19,20,21,17,20,23,26,29,32,35,38,41,44,47,50,53,56,59,62,65,68,71,74,77,80,21,0,21,20,19,18,17,16,15,14,13,12,11,10,9,8,7,6,5,4,3,2,117,120,123,126,129,132,135,138,141,144,147,150,153,156,159,162,165,168,171,174,177,20,2,3,4,5,6,7,8,9,10,11,12,13,14,15,16,17,18,19,20,21,217,220,223,226,229,232,235,238,241,244,247,250,253,256,259,262,265,268,271,274,17,0,0,5,1000,4,1001,4,1002,5,1003,2,5,5,1005,2,6,4,1007,4,1008,2,8,5,1010,5,1011,5,1012,4,1013,4,1014,2,13,5,1016,5,1017,2,15,4,1019,4,1020,5,1021,5000,5000.125,5000.25,5000.375,5000.5,5000.625,5000.75,5000.875,5001,5001.125,5001.25,5001.375,5001.5,5001.625,5001.75,5001.875,5002,5002.125,5002.25,5002.375,5002.5,5002.625,5002.75,5002.875,5003,5003.125,5003.25,5003.375,5003.5,5003.625,5003.75,5003.875,5004,5004.125,5004.25,5004.375,5004.5,5004.625,5004.75,5004.875,20,1.6700000000000002,21,1.8200000000000003,23,2.1200000000000006,24,2.2700000000000005,24,2.2700000000000005,25,2.5600000000000005,27,3.1400000000000006,28,3.4300000000000002,5007,5007.125,5007.25,5007.375,5007.5,5007.625,5007.75,5007.875,30,5.3900000000000006,31,5.8900000000000006,33,6.8900000000000006,34,7.3900000000000006,5009,5009.125,5009.25,5009.375,5009.5,5009.625,5009.75,5009.875,5010,5010.125,5010.25,5010.375,5010.5,5010.625,5010.75,5010.875,5011,5011.125,5011.25,5011.375,5011.5,5011.625,5011.75,5011.875,5012,5012.125,5012.25,5012.375,5012.5,5012.625,5012.75,5012.875,42,14.24,43,15.16,45,17,46,17.920000000000002,5014,5014.125,5014.25,5014.375,5014.5,5014.625,5014.75,5014.875,48,21.140000000000001,49,22.270000000000003,51,24.530000000000005,52,25.660000000000004,5016,5016.125,5016.25,5016.375,5016.5,5016.625,5016.75,5016.875,17,0,0,17,0,1,0,1,1,0,20,1,2,1,2,2,0,23,2,3,2,3,5,1,29,3,5,3,5,6,1,35,5,7,5,7,7,0,38,7,8,7,8,8,1,44,8,10,8,10,10,0,47,10,11,10,11,11,0,50,11,12,11,12,12,0,53,12,13,12,13,13,0,56,13,14,13,14,13,1,62,14,16,14,16,16,0,65,16,17,16,17,15,1,71,17,19,17,19,19,0,74,19,20,19,20,20,0,77,20,21,20,21,21,0,80,21,0,21,0,16,0,0,117,0,21,0,1,1,0,120,21,20,1,2,2,0,123,20,19,2,3,15,2,129,19,17,3,5,5,0,132,17,16,5,6,13,2,138,16,14,6,8,8,0,141,14,13,8,9,9,0,144,13,12,9,10,10,0,147,12,11,10,11,11,0,150,11,10,11,12,8,2,156,10,8,12,14,14,0,159,8,7,14,15,6,2,165,7,5,15,17,5,2,171,5,3,17,19,19,0,174,3,2,19,20,20,0,177,2,0,20,0,15,0,0,217,2,3,0,1,5,1,223,3,5,1,3,6,1,229,5,7,3,5,5,0,232,7,8,5,6,8,1,238,8,10,6,8,8,0,241,10,11,8,9,9,0,244,11,12,9,10,10,0,247,12,13,10,11,11,0,250,13,14,11,12,13,1,256,14,16,12,14,14,0,259,16,17,14,15,15,1,265,17,19,15,17,17,0,268,19,20,17,18,18,0,271,20,21,18,19,19,0,274,21,2,19,0
whole,15,23,1,0.02,0.69999999999999996,0.75,2,15,0.78000000000000003,3,1000,17,0.59000000000000008,4,1001,19,0.54000000000000004,5,1002,21,0.63000000000000012,0,1003,23,2.0300000000000002,1,1004,25,2.4000000000000004,2,1005,27,2.9100000000000006,3,1006,29,3.5600000000000001,4,1007,31,5.5200000000000005,5,1008,33,6.4500000000000011,0,1009,35,7.5200000000000014,1,1010,37,8.7300000000000004,2,1011,39,10.080000000000002,3,1012,41,12.740000000000002,4,1013,43,14.370000000000001,5,1014,45,16.140000000000001,0,1015,47,18.050000000000001,1,1016,49,21.27,2,1017,51,23.460000000000004,3,1018,53,25.790000000000003,4,1019,55,28.260000000000005,5,1020,57,30.870000000000005,0,1021,59,34.789999999999999,1,1022,23,0,1,2,0,4,5,6,7,8,9,10,11,12,13,14,15,16,17,18,19,20,21,22,17,20,23,26,29,32,35,38,41,44,47,50,53,56,59,62,65,68,71,74,77,80,83,14,0,0,4,1000,4,1001,5,1002,0,1003,2,3,2,3,4,1006,4,1007,5,1008,2,6,2,6,2,6,4,1012,4,1013,2,8,2,8,5,1016,2,9,4,1018,4,1019,2,11,2,11,5,1022,5000,5000.125,5000.25,5000.375,5000.5,5000.625,5000.75,5000.875,5001,5001.125,5001.25,5001.375,5001.5,5001.625,5001.75,5001.875,5002,5002.125,5002.25,5002.375,5002.5,5002.625,5002.75,5002.875,15,0.78000000000000003,18,1.3125,24,2.3775000000000004,27,2.9100000000000006,5004,5004.125,5004.25,5004.375,5004.5,5004.625,5004.75,5004.875,5005,5005.125,5005.25,5005.375,5005.5,5005.625,5005.75,5005.875,31,5.5200000000000005,33.826159481452798,6.7578066697535268,36.492826148119462,8.2778066697535273,39,10.080000000000002,5007,5007.125,5007.25,5007.375,5007.5,5007.625,5007.75,5007.875,41,12.740000000000002,42.5,14.067500000000003,45.5,16.722500000000004,47,18.050000000000001,47,18.050000000000001,48,19.402500000000003,50,22.107500000000002,51,23.460000000000004,5010,5010.125,5010.25,5010.375,5010.5,5010.625,5010.75,5010.875,53,25.790000000000003,54.5,28.039999999999999,57.5,32.539999999999999,59,34.789999999999999,5012,5012.125,5012.25,5012.375,5012.5,5012.625,5012.75,5012.875,5013,5013.125,5013.25,5013.375,5013.5,5013.625,5013.75,5013.875,13,0,0,17,0,1,0,1,1,0,20,1,2,1,2,2,0,23,2,0,2,3,3,1,29,0,6,3,6,6,0,35,6,7,6,7,7,0,38,7,8,7,8,6,1,44,8,12,8,12,12,0,53,12,13,12,13,8,1,59,13,16,13,16,9,1,68,16,18,16,18,18,0,71,18,19,18,19,11,1,77,19,22,19,22,22,0,83,22,0,22,0
whole,16,24,2,0.0050000000000000001,1.1000000000000001,0.5,3,16,0.91000000000000003,4,1000,18,0.71999999999999997,5,1001,20,0.67000000000000004,0,1002,22,0.76000000000000012,1,1003,24,2.1600000000000001,2,1004,26,2.5300000000000002,3,1005,28,3.0400000000000005,4,1006,30,3.6900000000000004,5,1007,32,4.4800000000000004,0,1008,34,6.580000000000001,1,1009,36,7.6500000000000012,2,1010,38,8.8600000000000012,3,1011,40,10.210000000000003,4,1012,42,12.870000000000001,5,1013,44,14.5,0,1014,46,16.270000000000003,1,1015,48,18.180000000000003,2,1016,50,20.23,3,1017,52,23.590000000000003,4,1018,54,25.920000000000002,5,1019,56,28.390000000000004,0,1020,58,31.000000000000004,1,1021,60,34.920000000000002,2,1022,62,37.810000000000002,3,1023,24,0,1,2,3,4,5,6,7,8,9,10,11,12,13,14,15,16,17,18,19,20,21,22,23,17,20,23,26,29,32,35,38,41,44,47,50,53,56,59,62,65,68,71,74,77,80,83,86,23,0,23,22,21,20,19,18,17,16,15,14,13,12,11,10,9,8,7,6,5,4,3,2,117,120,123,126,129,132,135,138,141,144,147,150,153,156,159,162,165,168,171,174,177,180,183,10,0,0,4,1000,2,0,2,0,2,0,5,1004,4,1005,4,1006,2,3,2,3,5,1009,2,4,4,1011,4,1012,2,6,2,6,2,6,2,6,4,1017,4,1018,2,8,2,8,2,8,2,8,4,1023,16,0.91000000000000003,18.989142608800829,0.089084181044890021,21.655809275467494,0.50575084771155676,24,2.1600000000000001,5001,5001.125,5001.25,5001.375,5001.5,5001.625,5001.75,5001.875,5002,5002.125,5002.25,5002.375,5002.5,5002.625,5002.75,5002.875,28,3.0400000000000005,29.5,3.9250000000000007,32.5,5.6950000000000003,34,6.580000000000001,34,6.580000000000001,35,7.1500000000000004,37,8.2900000000000009,38,8.8600000000000012,5005,5005.125,5005.25,5005.375,5005.5,5005.625,5005.75,5005.875,40,10.210000000000003,42.550899788972615,14.266813003955546,47.039190419958885,16.494774775260243,50,20.23,5007,5007.125,5007.25,5007.375,5007.5,5007.625,5007.75,5007.875,52,23.590000000000003,56.222444040059543,27.723700796160987,58.844305852229596,32.929329248408195,62,37.810000000000002,5009,5009.125,5009.25,5009.375,5009.5,5009.625,5009.75,5009.875,10,0,1,20,0,4,0,4,4,0,29,4,5,4,5,5,0,32,5,6,5,6,3,1,38,6,9,6,9,4,1,47,9,11,9,11,11,0,50,11,12,11,12,6,1,56,12,17,12,17,17,0,68,17,18,17,18,8,1,74,18,23,18,23,23,0,86,23,0,23,0,10,0,0,117,0,23,0,1,8,2,123,23,18,1,6,6,0,135,18,17,6,7,6,2,141,17,12,7,12,12,0,153,12,11,12,13,4,2,159,11,9,13,15,3,2,165,9,6,15,18,18,0,171,6,5,18,19,19,0,174,5,4,19,20,0,2,180,4,0,20,0
whole,17,25,3,0.01,1.5000000000000002,0.5,4,17,1.04,5,1000,19,0.85000000000000009,0,1001,21,0.80000000000000004,1,1002,23,0.89000000000000012,2,1003,25,1.1200000000000001,3,1004,27,2.6600000000000001,4,1005,29,3.1700000000000004,5,1006,31,3.8200000000000003,0,1007,33,4.6100000000000003,1,1008,35,6.7100000000000009,2,1009,37,7.7800000000000011,3,1010,39,8.9900000000000002,4,1011,41,10.340000000000002,5,1012,43,11.830000000000002,0,1013,45,14.630000000000001,1,1014,47,16.400000000000002,2,1015,49,18.310000000000002,3,1016,51,20.359999999999999,4,1017,53,23.720000000000002,5,1018,55,26.050000000000004,0,1019,57,28.520000000000003,1,1020,59,31.130000000000006,2,1021,61,33.880000000000003,3,1022,63,37.939999999999998,4,1023,65,40.970000000000006,5,1024,25,0,1,2,3,4,5,6,7,8,9,10,11,12,13,14,15,16,17,18,19,20,21,22,23,24,17,20,23,26,29,32,35,38,41,44,47,50,53,56,59,62,65,68,71,74,77,80,83,86,89,24,0,24,23,22,21,20,19,18,17,16,15,14,13,12,11,10,9,8,7,6,5,4,3,2,117,120,123,126,129,132,135,138,141,144,147,150,153,156,159,162,165,168,171,174,177,180,183,186,23,2,3,4,5,6,7,8,9,10,11,12,13,14,15,16,17,18,19,20,21,22,23,24,217,220,223,226,229,232,235,238,241,244,247,250,253,256,259,262,265,268,271,274,277,280,283,8,0,0,2,0,2,0,2,0,2,0,4,1004,4,1005,2,2,2,2,2,2,2,2,4,1010,4,1011,2,4,2,4,2,4,2,4,4,1016,4,1017,2,6,2,6,2,6,2,6,4,1022,4,1023,2,0,63,37.939999999999998,81.134559387329006,62.786910586668498,-10.228082264938051,-6.0244601777128306,25,1.1200000000000001,5001,5001.125,5001.25,5001.375,5001.5,5001.625,5001.75,5001.875,27,2.6600000000000001,31.134691961942682,2.9384951262102619,33.807075360875466,5.711209441755897,37,7.7800000000000011,5003,5003.125,5003.25,5003.375,5003.5,5003.625,5003.75,5003.875,39,8.9900000000000002,43.311219826504121,11.061730238268957,45.207632139707293,15.576081114237761,49,18.310000000000002,5005,5005.125,5005.25,5005.375,5005.5,5005.625,5005.75,5005.875,51,20.359999999999999,53.599979627051326,25.374454227772642,58.02853195876007,29.092952509604473,61,33.880000000000003,5007,5007.125,5007.25,5007.375,5007.5,5007.625,5007.75,5007.875,8,0,1,89,23,4,23,4,4,0,29,4,5,4,5,2,1,35,5,10,5,10,10,0,47,10,11,10,11,4,1,53,11,16,11,16,16,0,65,16,17,16,17,6,1,71,17,22,17,22,22,0,83,22,23,22,23,8,0,2,183,4,23,21,2,2,0,123,23,22,2,3,6,2,129,22,17,3,8,8,0,141,17,16,8,9,4,2,147,16,11,9,14,14,0,159,11,10,14,15,2,2,165,10,5,15,20,20,0,177,5,4,20,21,8,0,1,283,23,4,21,2,2,0,223,4,5,2,3,2,1,229,5,10,3,8,8,0,241,10,11,8,9,4,1,247,11,16,9,14,14,0,259,16,17,14,15,6,1,265,17,22,15,20,20,0,277,22,23,20,21
whole,18,26,1,0.014999999999999999,1.9000000000000001,0.75,5,18,0,0,1000,20,0.97999999999999998,1,1001,22,0.93000000000000005,2,1002,24,1.02,3,1003,26,1.25,4,1004,28,2.79,5,1005,30,3.3000000000000007,0,1006,32,3.9500000000000002,1,1007,34,4.7400000000000002,2,1008,36,5.6700000000000008,3,1009,38,7.910000000000001,4,1010,40,9.120000000000001,5,1011,42,10.470000000000002,0,1012,44,11.960000000000003,1,1013,46,14.760000000000002,2,1014,48,16.530000000000001,3,1015,50,18.440000000000001,4,1016,52,20.490000000000002,5,1017,54,22.680000000000003,0,1018,56,26.180000000000003,1,1019,58,28.650000000000002,2,1020,60,31.260000000000005,3,1021,62,34.010000000000005,4,1022,64,38.07,5,1023,66,41.100000000000009,0,1024,68,44.27000000000001,1,1025,26,0,1,2,3,4,5,6,7,8,9,10,11,12,13,14,15,16,17,18,19,20,21,22,23,24,25,17,20,23,26,29,32,35,38,41,44,47,50,53,56,59,62,65,68,71,74,77,80,83,86,89,92,9,0,0,5,1000,2,1,2,1,4,1003,4,1004,2,3,2,3,2,3,2,3,4,1009,4,1010,2,5,2,5,2,5,2,5,4,1015,4,1016,2,7,2,7,2,7,2,7,4,1021,4,1022,2,0,2,0,2,0,62,34.010000000000005,79.002293629340699,61.760037717269675,64.335626962674027,50.423371050603009,17.999999999999972,0,18,0,19.5,0.255,22.5,0.76500000000000001,24,1.02,5002,5002.125,5002.25,5002.375,5002.5,5002.625,5002.75,5002.875,26,1.25,28.683202591534208,3.9374748458776834,32.920873591432048,3.5417896640166298,36,5.6700000000000008,5004,5004.125,5004.25,5004.375,5004.5,5004.625,5004.75,5004.875,38,7.910000000000001,42.289012204308833,9.726150237236471,44.834675250599439,13.419111163362812,48,16.530000000000001,5006,5006.125,5006.25,5006.375,5006.5,5006.625,5006.75,5006.875,50,18.440000000000001,54.28001323491312,21.982695519078078,56.247012638382813,27.250936352839968,60,31.260000000000005,5008,5008.125,5008.25,5008.375,5008.5,5008.625,5008.75,5008.875,9,1,1,20,0,3,0,3,3,0,26,3,4,3,4,3,1,32,4,9,4,9,9,0,44,9,10,9,10,5,1,50,10,15,10,15,15,0,62,15,16,15,16,7,1,68,16,21,16,21,21,0,80,21,22,21,22,0,1,86,22,0,22,0
whole,19,27,2,0.02,2.2999999999999998,0.5,6,19,0.13,1,1000,21,1.1100000000000001,2,1001,23,1.0600000000000001,3,1002,25,1.1500000000000001,4,1003,27,1.3800000000000001,5,1004,29,1.7500000000000002,0,1005,31,3.4300000000000006,1,1006,33,4.0800000000000001,2,1007,35,4.8700000000000001,3,1008,37,5.8000000000000007,4,1009,39,8.0400000000000009,5,1010,41,9.25,0,1011,43,10.600000000000001,1,1012,45,12.090000000000002,2,1013,47,13.720000000000001,3,1014,49,16.66,4,1015,51,18.57,5,1016,53,20.620000000000001,0,1017,55,22.810000000000002,1,1018,57,26.310000000000002,2,1019,59,28.780000000000005,3,1020,61,31.390000000000004,4,1021,63,34.140000000000001,5,1022,65,37.030000000000001,0,1023,67,41.230000000000004,1,1024,69,44.400000000000006,2,1025,71,47.710000000000008,3,1026,27,0,1,2,3,4,5,6,7,8,9,10,11,12,13,14,15,16,17,18,19,20,21,22,23,24,25,26,17,20,23,26,29,32,35,38,41,44,47,50,53,56,59,62,65,68,71,74,77,80,83,86,89,92,95,26,0,26,25,24,23,22,21,20,19,18,17,16,15,14,13,12,11,10,9,8,7,6,5,4,3,2,117,120,123,126,129,132,135,138,141,144,147,150,153,156,159,162,165,168,171,174,177,180,183,186,189,192,11,0,0,5,1000,2,1,4,1002,4,1003,2,3,2,3,2,3,2,3,4,1008,4,1009,2,5,2,5,2,5,2,5,4,1014,4,1015,2,7,2,7,2,7,2,7,4,1020,4,1021,2,9,2,9,2,9,2,9,4,1026,5000,5000.125,5000.25,5000.375,5000.5,5000.625,5000.75,5000.875,19,0.13,20,0.36250000000000004,22,0.82750000000000001,23,1.0600000000000001,5002,5002.125,5002.25,5002.375,5002.5,5002.625,5002.75,5002.875,25,1.1500000000000001,29.006523572977247,0.712809335335581,31.249614870332657,4.2366643409239781,35,4.8700000000000001,5004,5004.125,5004.25,5004.375,5004.5,5004.625,5004.75,5004.875,37,5.8000000000000007,39.553950065372021,9.3243045908652444,44.022922119139643,10.594415388730846,47,13.720000000000001,5006,5006.125,5006.25,5006.375,5006.5,5006.625,5006.75,5006.875,49,16.66,53.269170419048358,19.954089522226717,55.843451270148293,24.571887892719474,59,28.780000000000005,5008,5008.125,5008.25,5008.375,5008.5,5008.625,5008.75,5008.875,61,31.390000000000004,65.199520400604257,36.304541118311462,67.29459633282427,42.460692125360943,71,47.710000000000008,5010,5010.125,5010.25,5010.375,5010.5,5010.625,5010.75,5010.875,10,1,1,20,0,2,0,2,2,0,23,2,3,2,3,3,1,29,3,8,3,8,8,0,41,8,9,8,9,5,1,47,9,14,9,14,14,0,59,14,15,14,15,7,1,65,15,20,15,20,20,0,77,20,21,20,21,9,1,83,21,26,21,26,26,0,95,26,0,26,0,10,0,0,117,0,26,0,1,9,2,123,26,21,1,6,6,0,135,21,20,6,7,7,2,141,20,15,7,12,12,0,153,15,14,12,13,5,2,159,14,9,13,18,18,0,171,9,8,18,19,3,2,177,8,3,19,24,24,0,189,3,2,24,25,25,0,192,2,0,25,0
whole,20,28,3,0.0050000000000000001,2.7000000000000002,0.5,7,20,0.26000000000000001,2,1000,22,0.070000000000000007,3,1001,24,1.1899999999999999,4,1002,26,1.2800000000000002,5,1003,28,1.5100000000000002,0,1004,30,1.8800000000000003,1,1005,32,3.5600000000000005,2,1006,34,4.21,3,1007,36,5,4,1008,38,5.9300000000000006,5,1009,40,7.0000000000000009,0,1010,42,9.3800000000000008,1,1011,44,10.730000000000002,2,1012,46,12.220000000000002,3,1013,48,13.850000000000001,4,1014,50,16.790000000000003,5,1015,52,18.700000000000003,0,1016,54,20.75,1,1017,56,22.940000000000005,2,1018,58,25.270000000000003,3,1019,60,28.910000000000004,4,1020,62,31.520000000000003,5,1021,64,34.270000000000003,0,1022,66,37.160000000000004,1,1023,68,41.360000000000007,2,1024,70,44.530000000000008,3,1025,72,47.840000000000011,4,1026,74,51.290000000000006,5,1027,28,0,1,2,0,4,5,6,7,8,9,10,11,12,13,14,15,16,17,18,19,20,21,22,23,24,25,26,27,17,20,23,26,29,32,35,38,41,44,47,50,53,56,59,62,65,68,71,74,77,80,83,86,89,92,95,98,27,0,27,26,0,24,23,22,21,20,19,18,17,16,15,14,13,12,11,10,9,8,7,6,5,4,3,2,117,120,123,126,129,132,135,138,141,144,147,150,153,156,159,162,165,168,171,174,177,180,183,186,189,192,195,26,2,3,4,2,6,7,8,9,10,11,12,13,14,15,16,17,18,19,20,21,22,23,24,25,26,27,217,220,223,226,229,232,235,238,241,244,247,250,253,256,259,262,265,268,271,274,277,280,283,286,289,292,14,0,0,4,1000,4,1001,4,1002,2,12,4,4,2,4,2,4,4,1007,4,1008,2,6,2,6,2,6,2,6,4,1013,4,1014,2,8,2,8,2,8,2,8,4,1019,4,1020,2,10,2,10,2,10,2,10,4,1025,4,1026,5,1027,5000,5000.125,5000.25,5000.375,5000.5,5000.625,5000.75,5000.875,5001,5001.125,5001.25,5001.375,5001.5,5001.625,5001.75,5001.875,5002,5002.125,5002.25,5002.375,5002.5,5002.625,5002.75,5002.875,5003,5003.125,5003.25,5003.375,5003.5,5003.625,5003.75,5003.875,28,1.5100000000000002,29.5,2.1850000000000005,32.5,3.5349999999999997,34,4.21,5005,5005.125,5005.25,5005.375,5005.5,5005.625,5005.75,5005.875,36,5,40.26856273277469,6.1382232194246065,42.2001087588853,10.269557608678035,46,12.220000000000002,5007,5007.125,5007.25,5007.375,5007.5,5007.625,5007.75,5007.875,48,13.850000000000001,50.565310725129109,18.279841668647666,55.038767594658069,21.119357023766948,58,25.270000000000003,5009,5009.125,5009.25,5009.375,5009.5,5009.625,5009.75,5009.875,60,28.910000000000004,64.186190339175823,33.586188320519717,66.843443395808066,39.19729460847315,70,44.530000000000008,5011,5011.125,5011.25,5011.375,5011.5,5011.625,5011.75,5011.875,28,1.5100000000000002,27,1.4300000000000002,25,1.27,24,1.1899999999999999,5013,5013.125,5013.25,5013.375,5013.5,5013.625,5013.75,5013.875,14,0,0,17,0,1,0,1,1,0,20,1,2,1,2,2,0,23,2,0,2,3,3,0,26,0,4,3,4,4,1,32,4,7,4,7,7,0,38,7,8,7,8,6,1,44,8,13,8,13,13,0,56,13,14,13,14,8,1,62,14,19,14,19,19,0,74,19,20,19,20,10,1,80,20,25,20,25,25,0,92,25,26,25,26,26,0,95,26,27,26,27,27,0,98,27,0,27,0,12,0,0,117,0,27,0,1,1,0,120,27,26,1,2,2,0,123,26,0,2,3,10,2,129,0,20,3,8,8,0,141,20,19,8,9,8,2,147,19,14,9,14,14,0,159,14,13,14,15,6,2,165,13,8,15,20,20,0,177,8,7,20,21,4,2,183,7,4,21,24,12,1,192,4,2,24,26,26,0,195,2,0,26,0,12,12,2,220,2,4,0,2,2,0,223,4,2,2,3,4,2,229,2,7,3,5,5,0,232,7,8,5,6,6,1,238,8,13,6,11,11,0,250,13,14,11,12,8,1,256,14,19,12,17,17,0,268,19,20,17,18,10,1,274,20,25,18,23,23,0,286,25,26,23,24,24,0,289,26,27,24,25,25,0,292,27,2,25,0
whole,21,29,1,0.01,0.29999999999999999,0.75,8,21,0.39000000000000001,3,1000,23,0.20000000000000001,4,1001,25,1.3200000000000001,5,1002,27,1.4100000000000001,0,1003,29,1.6400000000000001,1,1004,31,2.0100000000000002,2,1005,33,2.5200000000000005,3,1006,35,4.3399999999999999,4,1007,37,5.1300000000000008,5,1008,39,6.0600000000000005,0,1009,41,7.1300000000000008,1,1010,43,9.5100000000000016,2,1011,45,10.860000000000001,3,1012,47,12.350000000000001,4,1013,49,13.98,5,1014,51,15.750000000000002,0,1015,53,18.830000000000002,1,1016,55,20.879999999999999,2,1017,57,23.070000000000004,3,1018,59,25.400000000000002,4,1019,61,29.040000000000003,5,1020,63,31.650000000000006,0,1021,65,34.400000000000006,1,1022,67,37.289999999999999,2,1023,69,40.320000000000007,3,1024,71,44.660000000000004,4,1025,73,47.970000000000006,5,1026,75,51.420000000000009,0,1027,77,55.010000000000005,1,1028,29,0,1,2,3,4,5,6,7,8,9,10,11,12,13,14,15,16,17,18,19,20,21,22,23,24,25,26,27,28,17,20,23,26,29,32,35,38,41,44,47,50,53,56,59,62,65,68,71,74,77,80,83,86,89,92,95,98,101,11,0,0,4,1000,4,1001,2,0,2,0,2,0,2,0,4,1006,4,1007,2,2,2,2,2,2,2,2,4,1012,4,1013,2,4,2,4,2,4,2,4,4,1018,4,1019,2,6,2,6,2,6,2,6,4,1024,4,1025,2,8,2,8,5,1028,23,0.20000000000000001,25.870721335126223,2.3665599489997606,29.802080121594656,1.0094800596437099,33,2.5200000000000005,5001,5001.125,5001.25,5001.375,5001.5,5001.625,5001.75,5001.875,35,4.3399999999999999,39.225914282024767,5.2324398496159237,41.821820579631407,8.3832491098467798,45,10.860000000000001,5003,5003.125,5003.25,5003.375,5003.5,5003.625,5003.75,5003.875,47,12.350000000000001,51.30935019431012,15.0234931145879,53.220882895644941,19.821284111701647,57,23.070000000000004,5005,5005.125,5005.25,5005.375,5005.5,5005.625,5005.75,5005.875,59,25.400000000000002,61.627214741876834,30.818590117437989,66.01796689271319,35.100857731293154,69,40.320000000000007,5007,5007.125,5007.25,5007.375,5007.5,5007.625,5007.75,5007.875,71,44.660000000000004,72.5,47.247500000000002,75.5,52.422500000000007,77,55.010000000000005,5009,5009.125,5009.25,5009.375,5009.5,5009.625,5009.75,5009.875,5010,5010.125,5010.25,5010.375,5010.5,5010.625,5010.75,5010.875,11,0,0,17,0,1,0,1,0,1,23,1,6,1,6,6,0,35,6,7,6,7,2,1,41,7,12,7,12,12,0,53,12,13,12,13,4,1,59,13,18,13,18,18,0,71,18,19,18,19,6,1,77,19,24,19,24,24,0,89,24,25,24,25,8,1,95,25,28,25,28,28,0,101,28,0,28,0
whole,22,30,2,0.014999999999999999,0.69999999999999996,0.5,9,11,23,4,1000,11,23,5,1001,11,23,0,1002,11,23,1,1003,11,23,2,1004,11,23,3,1005,11,23,4,1006,11,23,5,1007,11,23,0,1008,11,23,1,1009,11,23,2,1010,11,23,3,1011,11,23,4,1012,11,23,5,1013,11,23,0,1014,11,23,1,1015,11,23,2,1016,11,23,3,1017,11,23,4,1018,11,23,5,1019,11,23,0,1020,11,23,1,1021,11,23,2,1022,11,23,3,1023,11,23,4,1024,11,23,5,1025,11,23,0,1026,11,23,1,1027,11,23,2,1028,11,23,3,1029,30,0,1,2,3,4,5,6,7,8,9,10,11,12,13,14,15,16,17,18,19,20,21,22,23,24,25,26,27,28,29,17,20,23,26,29,32,35,38,41,44,47,50,53,56,59,62,65,68,71,74,77,80,83,86,89,92,95,98,101,104,29,0,29,28,27,26,25,24,23,22,21,20,19,18,17,16,15,14,13,12,11,10,9,8,7,6,5,4,3,2,117,120,123,126,129,132,135,138,141,144,147,150,153,156,159,162,165,168,171,174,177,180,183,186,189,192,195,198,201,10,0,0,4,1000,2,0,2,0,2,0,2,0,4,1005,4,1006,2,2,2,2,2,2,2,2,4,1011,4,1012,2,4,2,4,2,4,2,4,4,1017,4,1018,2,6,2,6,2,6,2,6,4,1023,4,1024,2,8,2,8,2,8,2,8,4,1029,11,23,0,0,0,0,11,23,5001,5001.125,5001.25,5001.375,5001.5,5001.625,5001.75,5001.875,11,23,0,0,0,0,11,23,5003,5003.125,5003.25,5003.375,5003.5,5003.625,5003.75,5003.875,11,23,0,0,0,0,11,23,5005,5005.125,5005.25,5005.375,5005.5,5005.625,5005.75,5005.875,11,23,0,0,0,0,11,23,5007,5007.125,5007.25,5007.375,5007.5,5007.625,5007.75,5007.875,11,23,0,0,0,0,11,23,5009,5009.125,5009.25,5009.375,5009.5,5009.625,5009.75,5009.875,10,0,1,20,0,5,0,5,5,0,32,5,6,5,6,2,1,38,6,11,6,11,11,0,50,11,12,11,12,4,1,56,12,17,12,17,17,0,68,17,18,17,18,6,1,74,18,23,18,23,23,0,86,23,24,23,24,8,1,92,24,29,24,29,29,0,104,29,0,29,0,10,0,0,117,0,29,0,1,8,1,123,29,24,1,6,6,0,135,24,23,6,7,6,1,141,23,18,7,12,12,0,153,18,17,12,13,4,1,159,17,12,13,18,18,0,171,12,11,18,19,2,1,177,11,6,19,24,24,0,189,6,5,24,25,0,1,195,5,0,25,0
whole,23,31,3,0.02,1.1000000000000001,0.5,10,23,0.65000000000000002,5,1000,25,0.46000000000000002,0,1001,27,0.41000000000000003,1,1002,29,1.6700000000000002,2,1003,31,1.9000000000000001,3,1004,33,2.2700000000000005,4,1005,35,2.7800000000000002,5,1006,37,3.4300000000000002,0,1007,39,5.3900000000000006,1,1008,41,6.3200000000000012,2,1009,43,7.3900000000000006,3,1010,45,8.6000000000000014,4,1011,47,11.120000000000001,5,1012,49,12.610000000000001,0,1013,51,14.24,1,1014,53,16.010000000000002,2,1015,55,17.920000000000002,3,1016,57,21.140000000000001,4,1017,59,23.330000000000002,5,1018,61,25.660000000000004,0,1019,63,28.130000000000003,1,1020,65,31.910000000000004,2,1021,67,34.660000000000004,3,1022,69,37.550000000000004,4,1023,71,40.580000000000005,5,1024,73,43.750000000000007,0,1025,75,48.230000000000004,1,1026,77,51.680000000000007,2,1027,79,55.270000000000003,3,1028,81,59.000000000000007,4,1029,83,64.040000000000006,5,1030,31,0,1,2,3,4,5,6,7,8,9,10,11,12,13,14,15,16,17,18,19,20,21,22,23,24,25,26,27,28,29,30,17,20,23,26,29,32,35,38,41,44,47,50,53,56,59,62,65,68,71,74,77,80,83,86,89,92,95,98,101,104,107,30,0,30,29,28,27,26,25,24,23,22,21,20,19,18,17,16,15,14,13,12,11,10,9,8,7,6,5,4,3,2,117,120,123,126,129,132,135,138,141,144,147,150,153,156,159,162,165,168,171,174,177,180,183,186,189,192,195,198,201,204,29,2,3,4,5,6,7,8,9,10,11,12,13,14,15,16,17,18,19,20,21,22,23,24,25,26,27,28,29,30,217,220,223,226,229,232,235,238,241,244,247,250,253,256,259,262,265,268,271,274,277,280,283,286,289,292,295,298,301,10,0,0,2,0,2,0,2,0,2,0,4,1004,4,1005,2,2,2,2,2,2,2,2,4,1010,4,1011,2,4,2,4,2,4,2,4,4,1016,4,1017,2,6,2,6,2,6,2,6,4,1022,4,1023,2,8,2,8,2,8,2,8,4,1028,4,1029,2,0,81,59.000000000000007,99.8377568455589,98.038211187355273,-10.864391697157778,-13.053109291091491,31,1.9000000000000001,5001,5001.125,5001.25,5001.375,5001.5,5001.625,5001.75,5001.875,33,2.2700000000000005,37.145082860895066,2.4562016184311424,39.217835473505822,6.2311026424602636,43,7.3900000000000006,5003,5003.125,5003.25,5003.375,5003.5,5003.625,5003.75,5003.875,45,8.6000000000000014,47.547796204482971,12.475722483885917,52.036354792976901,14.38971577075076,55,17.920000000000002,5005,5005.125,5005.25,5005.375,5005.5,5005.625,5005.75,5005.875,57,21.140000000000001,61.239368598332589,24.997509124329738,63.844200083110024,30.004344335300651,67,34.660000000000004,5007,5007.125,5007.25,5007.375,5007.5,5007.625,5007.75,5007.875,69,37.550000000000004,73.164222627118235,42.99231008060049,75.312806041146743,49.531963917274545,79,55.270000000000003,5009,5009.125,5009.25,5009.375,5009.5,5009.625,5009.75,5009.875,10,0,1,107,29,4,29,4,4,0,29,4,5,4,5,2,1,35,5,10,5,10,10,0,47,10,11,10,11,4,1,53,11,16,11,16,16,0,65,16,17,16,17,6,1,71,17,22,17,22,22,0,83,22,23,22,23,8,1,89,23,28,23,28,28,0,101,28,29,28,29,10,0,2,201,4,29,27,2,2,0,123,29,28,2,3,8,2,129,28,23,3,8,8,0,141,23,22,8,9,6,2,147,22,17,9,14,14,0,159,17,16,14,15,4,2,165,16,11,15,20,20,0,177,11,10,20,21,2,2,183,10,5,21,26,26,0,195,5,4,26,27,10,0,1,301,29,4,27,2,2,0,223,4,5,2,3,2,1,229,5,10,3,8,8,0,241,10,11,8,9,4,1,247,11,16,9,14,14,0,259,16,17,14,15,6,1,265,17,22,15,20,20,0,277,22,23,20,21,8,1,283,23,28,21,26,26,0,295,28,29,26,27
whole,24,32,1,0.0050000000000000001,1.5000000000000002,0.75,11,24,0.78000000000000003,0,1000,26,0.59000000000000008,1,1001,28,0.54000000000000004,2,1002,30,0.63000000000000012,3,1003,32,2.0300000000000002,4,1004,34,2.4000000000000004,5,1005,36,2.9100000000000006,0,1006,38,3.5600000000000001,1,1007,40,5.5200000000000005,2,1008,42,6.4500000000000011,3,1009,44,7.5200000000000014,4,1010,46,8.7300000000000004,5,1011,48,10.080000000000002,0,1012,50,12.740000000000002,1,1013,52,14.370000000000001,2,1014,54,16.140000000000001,3,1015,56,18.050000000000001,4,1016,58,21.27,5,1017,60,23.460000000000004,0,1018,62,25.790000000000003,1,1019,64,28.260000000000005,2,1020,66,30.870000000000005,3,1021,68,34.789999999999999,4,1022,70,37.68,5,1023,72,40.710000000000008,0,1024,74,43.88000000000001,1,1025,76,48.360000000000007,2,1026,78,51.810000000000009,3,1027,80,55.400000000000006,4,1028,82,59.130000000000003,5,1029,84,63.000000000000007,0,1030,86,68.180000000000007,1,1031,32,0,1,2,3,4,5,6,7,8,9,10,11,12,13,14,15,16,17,18,19,20,21,22,23,24,25,26,27,28,29,30,31,17,20,23,26,29,32,35,38,41,44,47,50,53,56,59,62,65,68,71,74,77,80,83,86,89,92,95,98,101,104,107,110,11,0,0,2,1,2,1,2,1,4,1003,4,1004,2,3,2,3,2,3,2,3,4,1009,4,1010,2,5,2,5,2,5,2,5,4,1015,4,1016,2,7,2,7,2,7,2,7,4,1021,4,1022,2,9,2,9,2,9,2,9,4,1027,4,1028,2,0,2,0,5,1031,80,55.400000000000006,81.5,58.595000000000006,84.5,64.985000000000014,86,68.180000000000007,86,68.180000000000007,13.351305691327667,22.229300253211022,-5.3153609753389901,-0.28736641345565772,30.000000000000028,0.62999999999996703,5002,5002.125,5002.25,5002.375,5002.5,5002.625,5002.75,5002.875,32,2.0300000000000002,36.072083922492247,2.0080464033986494,38.796461191507454,4.5802941733377169,42,6.4500000000000011,5004,5004.125,5004.25,5004.375,5004.5,5004.625,5004.75,5004.875,44,7.5200000000000014,48.30404594352764,9.2842731414200497,50.202981862550224,13.665849107158197,54,16.140000000000001,5006,5006.125,5006.25,5006.375,5006.5,5006.625,5006.75,5006.875,56,18.050000000000001,58.587199113993854,22.866490917282114,63.032800882712529,26.296754997653835,66,30.870000000000005,5008,5008.125,5008.25,5008.375,5008.5,5008.625,5008.75,5008.875,68,34.789999999999999,72.148769535716184,39.997075698339373,74.841761200593169,46.023063595982023,78,51.810000000000009,5010,5010.125,5010.25,5010.375,5010.5,5010.625,5010.75,5010.875,11,1,1,17,31,3,31,3,3,0,26,3,4,3,4,3,1,32,4,9,4,9,9,0,44,9,10,9,10,5,1,50,10,15,10,15,15,0,62,15,16,15,16,7,1,68,16,21,16,21,21,0,80,21,22,21,22,9,1,86,22,27,22,27,27,0,98,27,28,27,28,0,1,104,28,31,28,31
whole,25,8,2,0.01,1.9000000000000001,0.5,12,25,0.91000000000000003,1,1000,27,0.71999999999999997,2,1001,29,0.67000000000000004,3,1002,31,0.76000000000000012,4,1003,33,2.1600000000000001,5,1004,35,2.5300000000000002,0,1005,37,3.0400000000000005,1,1006,39,3.6900000000000004,2,1007,8,0,1,2,0,4,5,6,7,17,20,23,26,29,32,35,38,7,0,7,6,0,4,3,2,117,120,123,126,129,132,135,3,0,0,4,1000,2,1,4,1002,3,1003,2,0,2,0,2,0,2,0,25,0.91000000000000003,30.589175691712672,0.6011577864576324,56.34023096410553,8.4127628574252729,25,0.91000000000000003,25,0.91000000000000003,26,0.84999999999999998,28,0.73000000000000009,29,0.67000000000000004,5002,5002.125,5002.25,5002.375,5002.5,5002.625,5002.75,5002.875,3,1,1,20,0,2,0,2,2,0,23,2,0,2,3,0,1,29,0,0,3,0,4,0,1,120,0,0,0,3,0,1,129,0,3,3,5,5,0,132,3,2,5,6,6,0,135,2,0,6,0
whole,26,9,3,0.014999999999999999,2.2999999999999998,0.5,0,26,1.04,2,1000,28,0.85000000000000009,3,1001,30,0.80000000000000004,4,1002,32,0.89000000000000012,5,1003,34,1.1200000000000001,0,1004,36,2.6600000000000001,1,1005,38,3.1700000000000004,2,1006,40,3.8200000000000003,3,1007,42,4.6100000000000003,4,1008,9,0,1,2,3,4,5,6,7,8,17,20,23,26,29,32,35,38,41,8,0,8,7,6,5,4,3,2,117,120,123,126,129,132,135,138,7,2,3,4,5,6,7,8,217,220,223,226,229,232,235,9,0,0,5,1000,4,1001,4,1002,5,1003,5,1004,5,1005,5,1006,4,1007,4,1008,5000,5000.125,5000.25,5000.375,5000.5,5000.625,5000.75,5000.875,5001,5001.125,5001.25,5001.375,5001.5,5001.625,5001.75,5001.875,5002,5002.125,5002.25,5002.375,5002.5,5002.625,5002.75,5002.875,5003,5003.125,5003.25,5003.375,5003.5,5003.625,5003.75,5003.875,5004,5004.125,5004.25,5004.375,5004.5,5004.625,5004.75,5004.875,5005,5005.125,5005.25,5005.375,5005.5,5005.625,5005.75,5005.875,5006,5006.125,5006.25,5006.375,5006.5,5006.625,5006.75,5006.875,5007,5007.125,5007.25,5007.375,5007.5,5007.625,5007.75,5007.875,5008,5008.125,5008.25,5008.375,5008.5,5008.625,5008.75,5008.875,9,0,0,17,0,1,0,1,1,0,20,1,2,1,2,2,0,23,2,3,2,3,3,0,26,3,4,3,4,4,0,29,4,5,4,5,5,0,32,5,6,5,6,6,0,35,6,7,6,7,7,0,38,7,8,7,8,8,0,41,8,0,8,0,8,0,0,117,0,8,0,1,1,0,120,8,7,1,2,2,0,123,7,6,2,3,3,0,126,6,5,3,4,4,0,129,5,4,4,5,5,0,132,4,3,5,6,6,0,135,3,2,6,7,7,0,138,2,0,7,0,7,0,0,217,2,3,0,1,1,0,220,3,4,1,2,2,0,223,4,5,2,3,3,0,226,5,6,3,4,4,0,229,6,7,4,5,5,0,232,7,8,5,6,6,0,235,8,2,6,0
whole,27,10,1,0.02,2.7000000000000002,0.75,1,27,0,3,1000,29,0.97999999999999998,4,1001,31,0.93000000000000005,5,1002,33,1.02,0,1003,35,1.25,1,1004,37,2.79,2,1005,39,3.3000000000000007,3,1006,41,3.9500000000000002,4,1007,43,4.7400000000000002,5,1008,45,5.6700000000000008,0,1009,10,0,1,2,3,4,5,6,7,8,9,17,20,23,26,29,32,35,38,41,44,8,0,0,4,1000,4,1001,2,0,5,1003,5,1004,5,1005,4,1006,4,1007,2,5,5,1009,29,0.97999999999999998,30,0.98999999999999999,32,1.01,33,1.02,5001,5001.125,5001.25,5001.375,5001.5,5001.625,5001.75,5001.875,5002,5002.125,5002.25,5002.375,5002.5,5002.625,5002.75,5002.875,5003,5003.125,5003.25,5003.375,5003.5,5003.625,5003.75,5003.875,5004,5004.125,5004.25,5004.375,5004.5,5004.625,5004.75,5004.875,41,3.9500000000000002,42,4.3800000000000008,44,5.2400000000000002,45,5.6700000000000008,5006,5006.125,5006.25,5006.375,5006.5,5006.625,5006.75,5006.875,5007,5007.125,5007.25,5007.375,5007.5,5007.625,5007.75,5007.875,8,0,0,17,0,1,0,1,0,1,23,1,3,1,3,3,0,26,3,4,3,4,4,0,29,4,5,4,5,5,0,32,5,6,5,6,6,0,35,6,7,6,7,5,1,41,7,9,7,9,9,0,44,9,0,9,0
whole,28,11,2,0.0050000000000000001,0.29999999999999999,0.5,2,28,0.13,4,1000,30,1.1100000000000001,5,1001,32,1.0600000000000001,0,1002,34,1.1500000000000001,1,1003,36,1.3800000000000001,2,1004,38,1.7500000000000002,3,1005,40,3.4300000000000006,4,1006,42,4.0800000000000001,5,1007,44,4.8700000000000001,0,1008,46,5.8000000000000007,1,1009,48,8.0400000000000009,2,1010,11,0,1,2,3,4,5,6,7,8,9,10,17,20,23,26,29,32,35,38,41,44,47,10,0,10,9,8,7,6,5,4,3,2,117,120,123,126,129,132,135,138,141,144,7,0,0,4,1000,5,1001,2,1,2,1,2,1,4,1005,4,1006,2,3,2,3,5,1009,5,1010,5000,5000.125,5000.25,5000.375,5000.5,5000.625,5000.75,5000.875,30,1.1100000000000001,32.695684807009947,0.95265716951441815,35.362351473676611,1.1659905028477515,37.999999999999986,1.7499999999999998,5002,5002.125,5002.25,5002.375,5002.5,5002.625,5002.75,5002.875,40,3.4300000000000006,41.5,4.0225000000000009,44.5,5.2075000000000005,46,5.8000000000000007,5004,5004.125,5004.25,5004.375,5004.5,5004.625,5004.75,5004.875,5005,5005.125,5005.25,5005.375,5005.5,5005.625,5005.75,5005.875,5006,5006.125,5006.25,5006.375,5006.5,5006.625,5006.75,5006.875,6,0,0,17,0,1,0,1,1,1,23,1,5,1,5,5,0,32,5,6,5,6,3,1,38,6,9,6,9,9,0,44,9,10,9,10,10,0,47,10,0,10,0,5,0,0,117,0,10,0,1,1,0,120,10,9,1,2,3,2,126,9,6,2,5,5,0,132,6,5,5,6,1,2,138,5,0,6,0
whole,29,12,3,0.01,0.69999999999999996,0.5,3,29,0.26000000000000001,5,1000,31,0.070000000000000007,0,1001,33,1.1899999999999999,1,1002,35,1.2800000000000002,2,1003,37,1.5100000000000002,3,1004,39,1.8800000000000003,4,1005,41,3.5600000000000005,5,1006,43,4.21,0,1007,45,5,1,1008,47,5.9300000000000006,2,1009,49,7.0000000000000009,3,1010,51,9.3800000000000008,4,1011,12,0,1,2,3,4,5,6,7,8,9,10,11,17,20,23,26,29,32,35,38,41,44,47,50,11,0,11,10,9,8,7,6,5,4,3,2,117,120,123,126,129,132,135,138,141,144,147,10,2,3,4,5,6,7,8,9,10,11,217,220,223,226,229,232,235,238,241,244,6,0,0,5,1000,2,1,5,1002,2,2,4,1004,4,1005,2,4,2,4,2,4,2,4,4,1010,4,1011,5000,5000.125,5000.25,5000.375,5000.5,5000.625,5000.75,5000.875,29,0.26000000000000001,30,0.49249999999999999,32,0.95750000000000002,33,1.1899999999999999,33,1.1899999999999999,34,1.27,36,1.4300000000000002,37,1.5100000000000002,5003,5003.125,5003.25,5003.375,5003.5,5003.625,5003.75,5003.875,39,1.8800000000000003,41.640387852260602,4.7336357938364646,45.95058266560752,4.6716009889629797,49,7.0000000000000009,5005,5005.125,5005.25,5005.375,5005.5,5005.625,5005.75,5005.875,6,1,1,20,0,2,0,2,2,1,26,2,4,2,4,4,0,29,4,5,4,5,4,1,35,5,10,5,10,10,0,47,10,11,10,11,11,0,50,11,0,11,0,6,0,0,117,0,11,0,1,1,0,120,11,10,1,2,4,2,126,10,5,2,7,7,0,138,5,4,7,8,2,2,144,4,2,8,10,10,0,147,2,0,10,0,5,2,1,220,2,4,0,2,2,0,223,4,5,2,3,4,1,229,5,10,3,8,8,0,241,10,11,8,9,9,0,244,11,2,9,0
whole,30,13,1,0.014999999999999999,1.1000000000000001,0.75,4,30,0.39000000000000001,0,1000,32,0.20000000000000001,1,1001,34,1.3200000000000001,2,1002,36,1.4100000000000001,3,1003,38,1.6400000000000001,4,1004,40,2.0100000000000002,5,1005,42,2.5200000000000005,0,1006,44,4.3399999999999999,1,1007,46,5.1300000000000008,2,1008,48,6.0600000000000005,3,1009,50,7.1300000000000008,4,1010,52,9.5100000000000016,5,1011,54,10.860000000000001,0,1012,13,0,1,2,0,4,5,6,7,8,9,10,11,12,17,20,23,26,29,32,35,38,41,44,47,50,53,7,0,0,4,1000,2,2,5,1002,3,1003,4,1004,2,5,2,5,2,5,2,5,4,1009,4,1010,2,0,5,1012,50,7.1300000000000008,51,8.0625,53,9.927500000000002,54,10.860000000000001,5001,5001.125,5001.25,5001.375,5001.5,5001.625,5001.75,5001.875,30,0.39000000000000001,31,0.62250000000000005,33,1.0874999999999999,34,1.3200000000000001,5003,5003.125,5003.25,5003.375,5003.5,5003.625,5003.75,5003.875,5004,5004.125,5004.25,5004.375,5004.5,5004.625,5004.75,5004.875,38,1.6400000000000001,42.08156273125541,1.5118929817783682,44.231364911409393,5.1645630133518532,48,6.0600000000000005,5006,5006.125,5006.25,5006.375,5006.5,5006.625,5006.75,5006.875,7,2,1,20,0,2,0,2,2,0,23,2,0,2,3,3,0,26,0,4,3,4,5,1,32,4,9,4,9,9,0,44,9,10,9,10,0,1,50,10,12,10,12,12,0,53,12,0,12,0
whole,31,14,2,0.02,1.5000000000000002,0.5,5,31,0.52000000000000002,1,1000,33,0.33000000000000002,2,1001,35,0.28000000000000003,3,1002,37,1.54,4,1003,39,1.77,5,1004,41,2.1400000000000001,0,1005,43,2.6500000000000004,1,1006,45,4.4700000000000006,2,1007,47,5.2600000000000007,3,1008,49,6.1900000000000013,4,1009,51,7.2600000000000007,5,1010,53,8.4700000000000006,0,1011,55,10.990000000000002,1,1012,57,12.480000000000002,2,1013,14,0,1,2,3,4,5,6,7,8,9,10,11,12,13,17,20,23,26,29,32,35,38,41,44,47,50,53,56,13,0,13,12,11,10,9,8,7,6,5,4,3,2,117,120,123,126,129,132,135,138,141,144,147,150,153,5,0,0,5,1000,2,1,4,1002,4,1003,2,3,2,3,2,3,2,3,4,1008,4,1009,2,0,2,0,2,0,2,0,49,6.1900000000000013,60.184305811091939,11.308673208926891,70.892691021825513,33.862810273145939,31,0.52000000000000002,31,0.52000000000000002,32,0.46000000000000002,34,0.34000000000000002,35,0.28000000000000003,5002,5002.125,5002.25,5002.375,5002.5,5002.625,5002.75,5002.875,37,1.54,40.998201041565359,1.225256903512973,43.783059396174821,3.5863350285829809,47,5.2600000000000007,5004,5004.125,5004.25,5004.375,5004.5,5004.625,5004.75,5004.875,5,1,1,20,0,2,0,2,2,0,23,2,3,2,3,3,1,29,3,8,3,8,8,0,41,8,9,8,9,0,1,47,9,0,9,0,5,0,2,120,0,9,0,5,5,0,132,9,8,5,6,3,2,138,8,3,6,11,11,0,150,3,2,11,12,12,0,153,2,0,12,0
whole,32,15,3,0.0050000000000000001,1.9000000000000001,0.5,6,32,0.65000000000000002,2,1000,34,0.46000000000000002,3,1001,36,0.41000000000000003,4,1002,38,1.6700000000000002,5,1003,40,1.9000000000000001,0,1004,42,2.2700000000000005,1,1005,44,2.7800000000000002,2,1006,46,3.4300000000000002,3,1007,48,5.3900000000000006,4,1008,50,6.3200000000000012,5,1009,52,7.3900000000000006,0,1010,54,8.6000000000000014,1,1011,56,11.120000000000001,2,1012,58,12.610000000000001,3,1013,60,14.24,4,1014,15,0,1,2,3,4,5,6,7,8,9,10,11,12,13,14,17,20,23,26,29,32,35,38,41,44,47,50,53,56,59,14,0,14,13,12,11,10,9,8,7,6,5,4,3,2,117,120,123,126,129,132,135,138,141,144,147,150,153,156,13,2,3,4,5,6,7,8,9,10,11,12,13,14,217,220,223,226,229,232,235,238,241,244,247,250,253,7,0,0,5,1000,4,1001,4,1002,2,3,2,3,2,3,2,3,4,1007,4,1008,2,5,2,5,2,5,2,5,4,1013,4,1014,5000,5000.125,5000.25,5000.375,5000.5,5000.625,5000.75,5000.875,5001,5001.125,5001.25,5001.375,5001.5,5001.625,5001.75,5001.875,5002,5002.125,5002.25,5002.375,5002.5,5002.625,5002.75,5002.875,36,0.41000000000000003,38.798146687162003,2.7560035603476787,42.846045021395952,1.7096509007592515,46,3.4300000000000002,5004,5004.125,5004.25,5004.375,5004.5,5004.625,5004.75,5004.875,48,5.3900000000000006,52.255687521937595,6.5916001006044871,54.826833058479195,9.9245692074372975,58,12.610000000000001,5006,5006.125,5006.25,5006.375,5006.5,5006.625,5006.75,5006.875,7,0,0,17,0,1,0,1,1,0,20,1,2,1,2,3,1,26,2,7,2,7,7,0,38,7,8,7,8,5,1,44,8,13,8,13,13,0,56,13,14,13,14,14,0,59,14,0,14,0,6,0,0,117,0,14,0,1,1,0,120,14,13,1,2,5,2,126,13,8,2,7,7,0,138,8,7,7,8,3,2,144,7,2,8,13,13,0,156,2,0,13,0,5,3,1,220,2,7,0,5,5,0,232,7,8,5,6,5,1,238,8,13,6,11,11,0,250,13,14,11,12,12,0,253,14,2,12,0
whole,33,16,1,0.01,2.2999999999999998,0.75,7,11,23,3,1000,11,23,4,1001,11,23,5,1002,11,23,0,1003,11,23,1,1004,11,23,2,1005,11,23,3,1006,11,23,4,1007,11,23,5,1008,11,23,0,1009,11,23,1,1010,11,23,2,1011,11,23,3,1012,11,23,4,1013,11,23,5,1014,11,23,0,1015,16,0,1,2,3,4,5,6,7,8,9,10,11,12,13,14,15,17,20,23,26,29,32,35,38,41,44,47,50,53,56,59,62,6,0,0,4,1000,4,1001,2,0,2,0,2,0,2,0,4,1006,4,1007,2,2,2,2,2,2,2,2,4,1012,4,1013,2,4,2,4,11,23,0,0,0,0,11,23,5001,5001.125,5001.25,5001.375,5001.5,5001.625,5001.75,5001.875,11,23,0,0,0,0,11,23,5003,5003.125,5003.25,5003.375,5003.5,5003.625,5003.75,5003.875,11,23,11,23,11,23,11,23,5005,5005.125,5005.25,5005.375,5005.5,5005.625,5005.75,5005.875,6,0,0,17,0,1,0,1,0,1,23,1,6,1,6,6,0,35,6,7,6,7,2,1,41,7,12,7,12,12,0,53,12,13,12,13,4,1,59,13,0,13,0
whole,34,17,2,0.014999999999999999,2.7000000000000002,0.5,8,34,0.91000000000000003,4,1000,36,0.71999999999999997,5,1001,38,0.67000000000000004,0,1002,40,0.76000000000000012,1,1003,42,2.1600000000000001,2,1004,44,2.5300000000000002,3,1005,46,3.0400000000000005,4,1006,48,3.6900000000000004,5,1007,50,4.4800000000000004,0,1008,52,6.580000000000001,1,1009,54,7.6500000000000012,2,1010,56,8.8600000000000012,3,1011,58,10.210000000000003,4,1012,60,12.870000000000001,5,1013,62,14.5,0,1014,64,16.270000000000003,1,1015,66,18.180000000000003,2,1016,17,0,1,2,3,4,5,6,7,8,9,10,11,12,13,14,15,16,17,20,23,26,29,32,35,38,41,44,47,50,53,56,59,62,65,16,0,16,15,14,13,12,11,10,9,8,7,6,5,4,3,2,117,120,123,126,129,132,135,138,141,144,147,150,153,156,159,162,6,0,0,4,1000,2,0,2,0,2,0,2,0,4,1005,4,1006,2,2,2,2,2,2,2,2,4,1011,4,1012,2,4,2,4,2,4,2,4,34,0.91000000000000003,37.719857484929719,-0.21285303840989167,40.720525850818824,1.4335175495107879,44,2.5300000000000002,5001,5001.125,5001.25,5001.375,5001.5,5001.625,5001.75,5001.875,46,3.0400000000000005,50.196774276172206,3.5433533864877296,52.208176390728482,7.4370377446295919,56,8.8600000000000012,5003,5003.125,5003.25,5003.375,5003.5,5003.625,5003.75,5003.875,58,10.210000000000003,66.958854499180688,22.250807748669871,93.81304914655604,33.610380196258582,34,0.91000000000000003,5005,5005.125,5005.25,5005.375,5005.5,5005.625,5005.75,5005.875,5,0,1,20,0,5,0,5,5,0,32,5,6,5,6,2,1,38,6,11,6,11,11,0,50,11,12,11,12,4,1,56,12,0,12,0,5,4,2,120,0,12,0,5,5,0,132,12,11,5,6,2,2,138,11,6,6,11,11,0,150,6,5,11,12,0,2,156,5,0,12,0
whole,35,18,3,0.02,0.29999999999999999,0.5,9,35,1.04,5,1000,37,0.85000000000000009,0,1001,39,0.80000000000000004,1,1002,41,0.89000000000000012,2,1003,43,1.1200000000000001,3,1004,45,2.6600000000000001,4,1005,47,3.1700000000000004,5,1006,49,3.8200000000000003,0,1007,51,4.6100000000000003,1,1008,53,6.7100000000000009,2,1009,55,7.7800000000000011,3,1010,57,8.9900000000000002,4,1011,59,10.340000000000002,5,1012,61,11.830000000000002,0,1013,63,14.630000000000001,1,1014,65,16.400000000000002,2,1015,67,18.310000000000002,3,1016,69,20.359999999999999,4,1017,18,0,1,2,0,4,5,6,7,8,9,10,11,12,13,14,15,16,17,17,20,23,26,29,32,35,38,41,44,47,50,53,56,59,62,65,68,17,0,17,16,0,14,13,12,11,10,9,8,7,6,5,4,3,2,117,120,123,126,129,132,135,138,141,144,147,150,153,156,159,162,165,16,2,3,4,2,6,7,8,9,10,11,12,13,14,15,16,17,217,220,223,226,229,232,235,238,241,244,247,250,253,256,259,262,10,0,0,4,1000,2,1,4,1002,2,8,4,1004,4,1005,2,4,2,4,2,4,2,4,4,1010,4,1011,2,6,2,6,2,6,2,6,4,1016,4,1017,5000,5000.125,5000.25,5000.375,5000.5,5000.625,5000.75,5000.875,35,1.04,36,0.97999999999999998,38,0.8600000000000001,39,0.80000000000000004,5002,5002.125,5002.25,5002.375,5002.5,5002.625,5002.75,5002.875,5003,5003.125,5003.25,5003.375,5003.5,5003.625,5003.75,5003.875,45,2.6600000000000001,49.134520908584761,2.9384951262102619,51.806743998815101,5.711209441755897,55,7.7800000000000011,5005,5005.125,5005.25,5005.375,5005.5,5005.625,5005.75,5005.875,57,8.9900000000000002,61.310976373612178,11.061730238268957,63.20736317636824,15.576081114237761,67,18.310000000000002,5007,5007.125,5007.25,5007.375,5007.5,5007.625,5007.75,5007.875,43,1.1200000000000001,42,1.04,40,0.88000000000000012,39,0.80000000000000004,5009,5009.125,5009.25,5009.375,5009.5,5009.625,5009.75,5009.875,9,1,1,20,0,2,0,2,2,0,23,2,0,2,3,3,0,26,0,4,3,4,4,0,29,4,5,4,5,4,1,35,5,10,5,10,10,0,47,10,11,10,11,6,1,53,11,16,11,16,16,0,65,16,17,16,17,17,0,68,17,0,17,0,9,0,0,117,0,17,0,1,1,0,120,17,16,1,2,2,0,123,16,0,2,3,6,2,129,0,11,3,7,7,0,138,11,10,7,8,4,2,144,10,5,8,13,13,0,156,5,4,13,14,8,1,162,4,2,14,16,16,0,165,2,0,16,0,7,8,2,220,2,4,0,2,2,0,223,4,2,2,3,4,2,229,2,10,3,8,8,0,241,10,11,8,9,6,1,247,11,16,9,14,14,0,259,16,17,14,15,15,0,262,17,2,15,0
whole,36,19,1,0.0050000000000000001,0.69999999999999996,0.75,10,36,0,0,1000,38,0.97999999999999998,1,1001,40,0.93000000000000005,2,1002,42,1.02,3,1003,44,1.25,4,1004,46,2.79,5,1005,48,3.3000000000000007,0,1006,50,3.9500000000000002,1,1007,52,4.7400000000000002,2,1008,54,5.6700000000000008,3,1009,56,7.910000000000001,4,1010,58,9.120000000000001,5,1011,60,10.470000000000002,0,1012,62,11.960000000000003,1,1013,64,14.760000000000002,2,1014,66,16.530000000000001,3,1015,68,18.440000000000001,4,1016,70,20.490000000000002,5,1017,72,22.680000000000003,0,1018,19,0,1,2,3,4,5,6,7,8,9,10,11,12,13,14,15,16,17,18,17,20,23,26,29,32,35,38,41,44,47,50,53,56,59,62,65,68,71,7,0,0,2,1,2,1,2,1,4,1003,4,1004,2,3,2,3,2,3,2,3,4,1009,4,1010,2,5,2,5,2,5,2,5,4,1015,4,1016,2,0,5,1018,68,18.440000000000001,69,19.500000000000004,71,21.620000000000001,72,22.680000000000003,72,22.680000000000003,32.9813962412194,5.3206690266733006,22.9813962412194,-1.8993309733267019,42,1.019999999999996,5002,5002.125,5002.25,5002.375,5002.5,5002.625,5002.75,5002.875,44,1.25,46.682965372626157,3.9374748458776834,50.920647326903932,3.5417896640166298,54,5.6700000000000008,5004,5004.125,5004.25,5004.375,5004.5,5004.625,5004.75,5004.875,56,7.910000000000001,60.288848763997066,9.726150237236471,62.834331317227061,13.419111163362812,66,16.530000000000001,5006,5006.125,5006.25,5006.375,5006.5,5006.625,5006.75,5006.875,7,1,1,17,18,3,18,3,3,0,26,3,4,3,4,3,1,32,4,9,4,9,9,0,44,9,10,9,10,5,1,50,10,15,10,15,15,0,62,15,16,15,16,0,1,68,16,18,16,18
whole,37,20,2,0.01,1.1000000000000001,0.5,11,37,0.13,1,1000,39,1.1100000000000001,2,1001,41,1.0600000000000001,3,1002,43,1.1500000000000001,4,1003,45,1.3800000000000001,5,1004,47,1.7500000000000002,0,1005,49,3.4300000000000006,1,1006,51,4.0800000000000001,2,1007,53,4.8700000000000001,3,1008,55,5.8000000000000007,4,1009,57,8.0400000000000009,5,1010,59,9.25,0,1011,61,10.600000000000001,1,1012,63,12.090000000000002,2,1013,65,13.720000000000001,3,1014,67,16.66,4,1015,69,18.57,5,1016,71,20.620000000000001,0,1017,73,22.810000000000002,1,1018,75,26.310000000000002,2,1019,20,0,1,2,3,4,5,6,7,8,9,10,11,12,13,14,15,16,17,18,19,17,20,23,26,29,32,35,38,41,44,47,50,53,56,59,62,65,68,71,74,19,0,19,18,17,16,15,14,13,12,11,10,9,8,7,6,5,4,3,2,117,120,123,126,129,132,135,138,141,144,147,150,153,156,159,162,165,168,171,7,0,0,5,1000,2,1,4,1002,4,1003,2,3,2,3,2,3,2,3,4,1008,4,1009,2,5,2,5,2,5,2,5,4,1014,4,1015,2,0,2,0,2,0,2,0,67,16.66,82.075790070693998,28.554843021994319,88.458947252740614,62.890789099777074,37,0.13,37,0.13,38,0.36250000000000004,40,0.82750000000000001,41,1.0600000000000001,5002,5002.125,5002.25,5002.375,5002.5,5002.625,5002.75,5002.875,43,1.1500000000000001,47.006278677763071,0.712809335335581,49.249355562165,4.2366643409239781,53,4.8700000000000001,5004,5004.125,5004.25,5004.375,5004.5,5004.625,5004.75,5004.875,55,5.8000000000000007,57.5537163711926,9.3243045908652444,62.022696505024527,10.594415388730846,65,13.720000000000001,5006,5006.125,5006.25,5006.375,5006.5,5006.625,5006.75,5006.875,7,1,1,20,0,2,0,2,2,0,23,2,3,2,3,3,1,29,3,8,3,8,8,0,41,8,9,8,9,5,1,47,9,14,9,14,14,0,59,14,15,14,15,0,1,65,15,0,15,0,7,0,2,120,0,15,0,5,5,0,132,15,14,5,6,5,2,138,14,9,6,11,11,0,150,9,8,11,12,3,2,156,8,3,12,17,17,0,168,3,2,17,18,18,0,171,2,0,18,0
whole,38,21,3,0.014999999999999999,1.5000000000000002,0.5,12,38,0.26000000000000001,2,1000,40,0.070000000000000007,3,1001,42,1.1899999999999999,4,1002,44,1.2800000000000002,5,1003,46,1.5100000000000002,0,1004,48,1.8800000000000003,1,1005,50,3.5600000000000005,2,1006,52,4.21,3,1007,54,5,4,1008,56,5.9300000000000006,5,1009,58,7.0000000000000009,0,1010,60,9.3800000000000008,1,1011,62,10.730000000000002,2,1012,64,12.220000000000002,3,1013,66,13.850000000000001,4,1014,68,16.790000000000003,5,1015,70,18.700000000000003,0,1016,72,20.75,1,1017,74,22.940000000000005,2,1018,76,25.270000000000003,3,1019,78,28.910000000000004,4,1020,21,0,1,2,3,4,5,6,7,8,9,10,11,12,13,14,15,16,17,18,19,20,17,20,23,26,29,32,35,38,41,44,47,50,53,56,59,62,65,68,71,74,77,20,0,20,19,18,17,16,15,14,13,12,11,10,9,8,7,6,5,4,3,2,117,120,123,126,129,132,135,138,141,144,147,150,153,156,159,162,165,168,171,174,19,2,3,4,5,6,7,8,9,10,11,12,13,14,15,16,17,18,19,20,217,220,223,226,229,232,235,238,241,244,247,250,253,256,259,262,265,268,271,9,0,0,5,1000,4,1001,4,1002,2,3,2,3,2,3,2,3,4,1007,4,1008,2,5,2,5,2,5,2,5,4,1013,4,1014,2,7,2,7,2,7,2,7,4,1019,4,1020,5000,5000.125,5000.25,5000.375,5000.5,5000.625,5000.75,5000.875,5001,5001.125,5001.25,5001.375,5001.5,5001.625,5001.75,5001.875,5002,5002.125,5002.25,5002.375,5002.5,5002.625,5002.75,5002.875,42,1.1899999999999999,45.913791483196491,0.5926851323651694,48.766254277846066,2.7298769077618501,52,4.21,5004,5004.125,5004.25,5004.375,5004.5,5004.625,5004.75,5004.875,54,5,58.26831860413504,6.1382232194246065,60.199841317302997,10.269557608678035,64,12.220000000000002,5006,5006.125,5006.25,5006.375,5006.5,5006.625,5006.75,5006.875,66,13.850000000000001,68.565078588417862,18.279841668647666,73.03854051888375,21.119357023766948,76,25.270000000000003,5008,5008.125,5008.25,5008.375,5008.5,5008.625,5008.75,5008.875,9,0,0,17,0,1,0,1,1,0,20,1,2,1,2,3,1,26,2,7,2,7,7,0,38,7,8,7,8,5,1,44,8,13,8,13,13,0,56,13,14,13,14,7,1,62,14,19,14,19,19,0,74,19,20,19,20,20,0,77,20,0,20,0,8,0,0,117,0,20,0,1,1,0,120,20,19,1,2,7,2,126,19,14,2,7,7,0,138,14,13,7,8,5,2,144,13,8,8,13,13,0,156,8,7,13,14,3,2,162,7,2,14,19,19,0,174,2,0,19,0,7,3,1,220,2,7,0,5,5,0,232,7,8,5,6,5,1,238,8,13,6,11,11,0,250,13,14,11,12,7,1,256,14,19,12,17,17,0,268,19,20,17,18,18,0,271,20,2,18,0
whole,39,22,1,0.02,1.9000000000000001,0.75,0,39,0.39000000000000001,3,1000,41,0.20000000000000001,4,1001,43,1.3200000000000001,5,1002,45,1.4100000000000001,0,1003,47,1.6400000000000001,1,1004,49,2.0100000000000002,2,1005,51,2.5200000000000005,3,1006,53,4.3399999999999999,4,1007,55,5.1300000000000008,5,1008,57,6.0600000000000005,0,1009,59,7.1300000000000008,1,1010,61,9.5100000000000016,2,1011,63,10.860000000000001,3,1012,65,12.350000000000001,4,1013,67,13.98,5,1014,69,15.750000000000002,0,1015,71,18.830000000000002,1,1016,73,20.879999999999999,2,1017,75,23.070000000000004,3,1018,77,25.400000000000002,4,1019,79,29.040000000000003,5,1020,81,31.650000000000006,0,1021,22,0,1,2,3,4,5,6,7,8,9,10,11,12,13,14,15,16,17,18,19,20,21,17,20,23,26,29,32,35,38,41,44,47,50,53,56,59,62,65,68,71,74,77,80,22,0,0,4,1000,4,1001,5,1002,5,1003,5,1004,5,1005,4,1006,4,1007,5,1008,5,1009,5,1010,5,1011,4,1012,4,1013,5,1014,5,1015,5,1016,5,1017,4,1018,4,1019,5,1020,5,1021,5000,5000.125,5000.25,5000.375,5000.5,5000.625,5000.75,5000.875,5001,5001.125,5001.25,5001.375,5001.5,5001.625,5001.75,5001.875,5002,5002.125,5002.25,5002.375,5002.5,5002.625,5002.75,5002.875,5003,5003.125,5003.25,5003.375,5003.5,5003.625,5003.75,5003.875,5004,5004.125,5004.25,5004.375,5004.5,5004.625,5004.75,5004.875,5005,5005.125,5005.25,5005.375,5005.5,5005.625,5005.75,5005.875,5006,5006.125,5006.25,5006.375,5006.5,5006.625,5006.75,5006.875,5007,5007.125,5007.25,5007.375,5007.5,5007.625,5007.75,5007.875,5008,5008.125,5008.25,5008.375,5008.5,5008.625,5008.75,5008.875,5009,5009.125,5009.25,5009.375,5009.5,5009.625,5009.75,5009.875,5010,5010.125,5010.25,5010.375,5010.5,5010.625,5010.75,5010.875,5011,5011.125,5011.25,5011.375,5011.5,5011.625,5011.75,5011.875,5012,5012.125,5012.25,5012.375,5012.5,5012.625,5012.75,5012.875,5013,5013.125,5013.25,5013.375,5013.5,5013.625,5013.75,5013.875,5014,5014.125,5014.25,5014.375,5014.5,5014.625,5014.75,5014.875,5015,5015.125,5015.25,5015.375,5015.5,5015.625,5015.75,5015.875,5016,5016.125,5016.25,5016.375,5016.5,5016.625,5016.75,5016.875,5017,5017.125,5017.25,5017.375,5017.5,5017.625,5017.75,5017.875,5018,5018.125,5018.25,5018.375,5018.5,5018.625,5018.75,5018.875,5019,5019.125,5019.25,5019.375,5019.5,5019.625,5019.75,5019.875,5020,5020.125,5020.25,5020.375,5020.5,5020.625,5020.75,5020.875,5021,5021.125,5021.25,5021.375,5021.5,5021.625,5021.75,5021.875,22,0,0,17,0,1,0,1,1,0,20,1,2,1,2,2,0,23,2,3,2,3,3,0,26,3,4,3,4,4,0,29,4,5,4,5,5,0,32,5,6,5,6,6,0,35,6,7,6,7,7,0,38,7,8,7,8,8,0,41,8,9,8,9,9,0,44,9,10,9,10,10,0,47,10,11,10,11,11,0,50,11,12,11,12,12,0,53,12,13,12,13,13,0,56,13,14,13,14,14,0,59,14,15,14,15,15,0,62,15,16,15,16,16,0,65,16,17,16,17,17,0,68,17,18,17,18,18,0,71,18,19,18,19,19,0,74,19,20,19,20,20,0,77,20,21,20,21,21,0,80,21,0,21,0
whole,40,23,2,0.0050000000000000001,2.2999999999999998,0.5,1,40,0.52000000000000002,4,1000,42,0.33000000000000002,5,1001,44,0.28000000000000003,0,1002,46,1.54,1,1003,48,1.77,2,1004,50,2.1400000000000001,3,1005,52,2.6500000000000004,4,1006,54,4.4700000000000006,5,1007,56,5.2600000000000007,0,1008,58,6.1900000000000013,1,1009,60,7.2600000000000007,2,1010,62,8.4700000000000006,3,1011,64,10.990000000000002,4,1012,66,12.480000000000002,5,1013,68,14.110000000000001,0,1014,70,15.880000000000003,1,1015,72,18.960000000000001,2,1016,74,21.010000000000002,3,1017,76,23.200000000000003,4,1018,78,25.530000000000005,5,1019,80,28.000000000000004,0,1020,82,31.780000000000005,1,1021,84,34.530000000000001,2,1022,23,0,1,2,0,4,5,6,7,8,9,10,11,12,13,14,15,16,17,18,19,20,21,22,17,20,23,26,29,32,35,38,41,44,47,50,53,56,59,62,65,68,71,74,77,80,83,22,0,22,21,0,19,18,17,16,15,14,13,12,11,10,9,8,7,6,5,4,3,2,117,120,123,126,129,132,135,138,141,144,147,150,153,156,159,162,165,168,171,174,177,180,22,0,0,4,1000,2,0,4,1002,5,1003,4,3,4,1005,4,1006,5,1007,2,6,5,1009,2,7,4,1011,4,1012,2,9,5,1014,5,1015,5,1016,4,1017,4,1018,2,14,5,1020,5,1021,5,1022,40,0.52000000000000002,41,0.46000000000000002,43,0.34000000000000002,44,0.28000000000000003,5001,5001.125,5001.25,5001.375,5001.5,5001.625,5001.75,5001.875,5002,5002.125,5002.25,5002.375,5002.5,5002.625,5002.75,5002.875,5003,5003.125,5003.25,5003.375,5003.5,5003.625,5003.75,5003.875,5004,5004.125,5004.25,5004.375,5004.5,5004.625,5004.75,5004.875,5005,5005.125,5005.25,5005.375,5005.5,5005.625,5005.75,5005.875,54,4.4700000000000006,55,4.9000000000000004,57,5.7600000000000016,58,6.1900000000000013,58,6.1900000000000013,59,6.7600000000000016,61,7.9000000000000012,62,8.4700000000000006,5008,5008.125,5008.25,5008.375,5008.5,5008.625,5008.75,5008.875,64,10.990000000000002,65,11.770000000000001,67,13.330000000000002,68,14.110000000000001,5010,5010.125,5010.25,5010.375,5010.5,5010.625,5010.75,5010.875,5011,5011.125,5011.25,5011.375,5011.5,5011.625,5011.75,5011.875,5012,5012.125,5012.25,5012.375,5012.5,5012.625,5012.75,5012.875,5013,5013.125,5013.25,5013.375,5013.5,5013.625,5013.75,5013.875,76,23.200000000000003,77,24.400000000000002,79,26.800000000000004,80,28.000000000000004,5015,5015.125,5015.25,5015.375,5015.5,5015.625,5015.75,5015.875,5016,5016.125,5016.25,5016.375,5016.5,5016.625,5016.75,5016.875,5017,5017.125,5017.25,5017.375,5017.5,5017.625,5017.75,5017.875,5018,5018.125,5018.25,5018.375,5018.5,5018.625,5018.75,5018.875,5019,5019.125,5019.25,5019.375,5019.5,5019.625,5019.75,5019.875,5020,5020.125,5020.25,5020.375,5020.5,5020.625,5020.75,5020.875,5021,5021.125,5021.25,5021.375,5021.5,5021.625,5021.75,5021.875,18,0,1,20,0,2,0,2,2,0,23,2,0,2,3,3,0,26,0,4,3,4,4,0,29,4,5,4,5,5,0,32,5,6,5,6,6,0,35,6,7,6,7,6,1,41,7,9,7,9,7,1,47,9,11,9,11,11,0,50,11,12,11,12,9,1,56,12,14,12,14,14,0,59,14,15,14,15,15,0,62,15,16,15,16,16,0,65,16,17,16,17,17,0,68,17,18,17,18,14,1,74,18,20,18,20,20,0,77,20,21,20,21,21,0,80,21,22,21,22,22,0,83,22,0,22,0,18,0,0,117,0,22,0,1,1,0,120,22,21,1,2,2,0,123,21,0,2,3,14,2,129,0,18,3,5,5,0,132,18,17,5,6,6,0,135,17,16,6,7,7,0,138,16,15,7,8,8,0,141,15,14,8,9,9,2,147,14,12,9,11,11,0,150,12,11,11,12,7,2,156,11,9,12,14,6,2,162,9,7,14,16,16,0,165,7,6,16,17,17,0,168,6,5,17,18,18,0,171,5,4,18,19,19,0,174,4,3,19,20,20,0,177,3,2,20,21,21,0,180,2,0,21,0
whole,41,24,3,0.01,2.7000000000000002,0.5,2,41,0.65000000000000002,5,1000,43,0.46000000000000002,0,1001,45,0.41000000000000003,1,1002,47,1.6700000000000002,2,1003,49,1.9000000000000001,3,1004,51,2.2700000000000005,4,1005,53,2.7800000000000002,5,1006,55,3.4300000000000002,0,1007,57,5.3900000000000006,1,1008,59,6.3200000000000012,2,1009,61,7.3900000000000006,3,1010,63,8.6000000000000014,4,1011,65,11.120000000000001,5,1012,67,12.610000000000001,0,1013,69,14.24,1,1014,71,16.010000000000002,2,1015,73,17.920000000000002,3,1016,75,21.140000000000001,4,1017,77,23.330000000000002,5,1018,79,25.660000000000004,0,1019,81,28.130000000000003,1,1020,83,31.910000000000004,2,1021,85,34.660000000000004,3,1022,87,37.550000000000004,4,1023,24,0,1,2,3,4,5,6,7,8,9,10,11,12,13,14,15,16,17,18,19,20,21,22,23,17,20,23,26,29,32,35,38,41,44,47,50,53,56,59,62,65,68,71,74,77,80,83,86,23,0,23,22,21,20,19,18,17,16,15,14,13,12,11,10,9,8,7,6,5,4,3,2,117,120,123,126,129,132,135,138,141,144,147,150,153,156,159,162,165,168,171,174,177,180,183,22,2,3,4,5,6,7,8,9,10,11,12,13,14,15,16,17,18,19,20,21,22,23,217,220,223,226,229,232,235,238,241,244,247,250,253,256,259,262,265,268,271,274,277,280,13,0,0,5,1000,2,1,2,1,5,1003,4,1004,4,1005,2,4,2,4,5,1008,2,5,4,1010,4,1011,2,7,2,7,5,1014,2,8,4,1016,4,1017,2,10,2,10,5,1020,2,11,4,1022,4,1023,5000,5000.125,5000.25,5000.375,5000.5,5000.625,5000.75,5000.875,41,0.65000000000000002,42.5,0.90500000000000003,45.5,1.4150000000000003,47,1.6700000000000002,5002,5002.125,5002.25,5002.375,5002.5,5002.625,5002.75,5002.875,5003,5003.125,5003.25,5003.375,5003.5,5003.625,5003.75,5003.875,51,2.2700000000000005,52.5,3.0500000000000007,55.5,4.6100000000000003,57,5.3900000000000006,57,5.3900000000000006,58,5.8900000000000006,60,6.8900000000000006,61,7.3900000000000006,5006,5006.125,5006.25,5006.375,5006.5,5006.625,5006.75,5006.875,63,8.6000000000000014,64.5,10.010000000000002,67.5,12.83,69,14.24,69,14.24,70,15.16,72,17,73,17.920000000000002,5009,5009.125,5009.25,5009.375,5009.5,5009.625,5009.75,5009.875,75,21.140000000000001,76.5,22.887500000000003,79.5,26.382500000000004,81,28.130000000000003,81,28.130000000000003,82,29.762500000000003,84,33.027500000000003,85,34.660000000000004,5012,5012.125,5012.25,5012.375,5012.5,5012.625,5012.75,5012.875,13,1,1,20,0,3,0,3,3,0,26,3,4,3,4,4,0,29,4,5,4,5,4,1,35,5,8,5,8,5,1,44,8,10,8,10,10,0,47,10,11,10,11,7,1,53,11,14,11,14,8,1,62,14,16,14,16,16,0,65,16,17,16,17,10,1,71,17,20,17,20,11,1,80,20,22,20,22,22,0,83,22,23,22,23,23,0,86,23,0,23,0,13,0,0,117,0,23,0,1,1,0,120,23,22,1,2,11,2,126,22,20,2,4,10,2,132,20,17,4,7,7,0,138,17,16,7,8,8,2,144,16,14,8,10,7,2,150,14,11,10,13,13,0,156,11,10,13,14,5,2,162,10,8,14,16,4,2,168,8,5,16,19,19,0,174,5,4,19,20,20,0,177,4,3,20,21,1,2,183,3,0,21,0,12,1,2,217,23,3,21,1,1,0,220,3,4,1,2,2,0,223,4,5,2,3,4,1,229,5,8,3,6,5,1,238,8,10,6,8,8,0,241,10,11,8,9,7,1,247,11,14,9,12,8,1,256,14,16,12,14,14,0,259,16,17,14,15,10,1,265,17,20,15,18,11,1,274,20,22,18,20,20,0,277,22,23,20,21
whole,42,25,1,0.014999999999999999,0.29999999999999999,0.75,3,42,0.78000000000000003,0,1000,44,0.59000000000000008,1,1001,46,0.54000000000000004,2,1002,48,0.63000000000000012,3,1003,50,2.0300000000000002,4,1004,52,2.4000000000000004,5,1005,54,2.9100000000000006,0,1006,56,3.5600000000000001,1,1007,58,5.5200000000000005,2,1008,60,6.4500000000000011,3,1009,62,7.5200000000000014,4,1010,64,8.7300000000000004,5,1011,66,10.080000000000002,0,1012,68,12.740000000000002,1,1013,70,14.370000000000001,2,1014,72,16.140000000000001,3,1015,74,18.050000000000001,4,1016,76,21.27,5,1017,78,23.460000000000004,0,1018,80,25.790000000000003,1,1019,82,28.260000000000005,2,1020,84,30.870000000000005,3,1021,86,34.789999999999999,4,1022,88,37.68,5,1023,90,40.710000000000008,0,1024,25,0,1,2,3,4,5,6,7,8,9,10,11,12,13,14,15,16,17,18,19,20,21,22,23,24,17,20,23,26,29,32,35,38,41,44,47,50,53,56,59,62,65,68,71,74,77,80,83,86,89,11,0,0,2,1,2,1,2,1,4,1003,4,1004,2,3,2,3,2,3,5,1008,4,1009,4,1010,2,6,2,6,5,1013,2,7,4,1015,4,1016,2,9,2,9,2,9,2,9,4,1021,4,1022,2,0,5,1024,86,34.789999999999999,87,36.270000000000003,89,39.230000000000004,90,40.710000000000008,90,40.710000000000008,36.237691895004559,13.144133576901091,22.237691895004559,-0.21586642309890891,48,0.63000000000000966,5002,5002.125,5002.25,5002.375,5002.5,5002.625,5002.75,5002.875,50,2.0300000000000002,53.214561317058831,2.139438784664792,55.881227983725495,3.3027721179981251,58,5.5200000000000005,5004,5004.125,5004.25,5004.375,5004.5,5004.625,5004.75,5004.875,5005,5005.125,5005.25,5005.375,5005.5,5005.625,5005.75,5005.875,62,7.5200000000000014,63.5,8.8250000000000011,66.5,11.435000000000002,68,12.740000000000002,68,12.740000000000002,69,13.590000000000002,71,15.290000000000001,72,16.140000000000001,5008,5008.125,5008.25,5008.375,5008.5,5008.625,5008.75,5008.875,74,18.050000000000001,76.586967246959475,22.866490917282114,81.032573047105018,26.296754997653835,84,30.870000000000005,5010,5010.125,5010.25,5010.375,5010.5,5010.625,5010.75,5010.875,11,1,1,17,24,3,24,3,3,0,26,3,4,3,4,3,1,32,4,8,4,8,8,0,41,8,9,8,9,9,0,44,9,10,9,10,6,1,50,10,13,10,13,7,1,59,13,15,13,15,15,0,62,15,16,15,16,9,1,68,16,21,16,21,21,0,80,21,22,21,22,0,1,86,22,24,22,24
whole,43,26,2,0.02,0.69999999999999996,0.5,4,43,0.91000000000000003,1,1000,45,0.71999999999999997,2,1001,47,0.67000000000000004,3,1002,49,0.76000000000000012,4,1003,51,2.1600000000000001,5,1004,53,2.5300000000000002,0,1005,55,3.0400000000000005,1,1006,57,3.6900000000000004,2,1007,59,4.4800000000000004,3,1008,61,6.580000000000001,4,1009,63,7.6500000000000012,5,1010,65,8.8600000000000012,0,1011,67,10.210000000000003,1,1012,69,12.870000000000001,2,1013,71,14.5,3,1014,73,16.270000000000003,4,1015,75,18.180000000000003,5,1016,77,20.23,0,1017,79,23.590000000000003,1,1018,81,25.920000000000002,2,1019,83,28.390000000000004,3,1020,85,31.000000000000004,4,1021,87,34.920000000000002,5,1022,89,37.810000000000002,0,1023,91,40.840000000000011,1,1024,93,44.010000000000005,2,1025,26,0,1,2,3,4,5,6,7,8,9,10,11,12,13,14,15,16,17,18,19,20,21,22,23,24,25,17,20,23,26,29,32,35,38,41,44,47,50,53,56,59,62,65,68,71,74,77,80,83,86,89,92,25,0,25,24,23,22,21,20,19,18,17,16,15,14,13,12,11,10,9,8,7,6,5,4,3,2,117,120,123,126,129,132,135,138,141,144,147,150,153,156,159,162,165,168,171,174,177,180,183,186,189,9,0,0,5,1000,2,1,4,1002,4,1003,2,3,2,3,2,3,2,3,4,1008,4,1009,2,5,2,5,2,5,2,5,4,1014,4,1015,2,7,2,7,2,7,2,7,4,1020,4,1021,2,0,2,0,2,0,2,0,85,31.000000000000004,97.092347381610395,54.377390305110872,128.99521491247984,82.618580196693443,43,0.91000000000000003,43,0.91000000000000003,44,0.84999999999999998,46,0.73000000000000009,47,0.67000000000000004,5002,5002.125,5002.25,5002.375,5002.5,5002.625,5002.75,5002.875,49,0.76000000000000012,51.735400330604378,3.2789266631872556,55.885655963639763,2.5541145363182283,59,4.4800000000000004,5004,5004.125,5004.25,5004.375,5004.5,5004.625,5004.75,5004.875,61,6.580000000000001,65.276230667334957,8.0899197171092663,67.830815719582404,11.603086688635113,71,14.5,5006,5006.125,5006.25,5006.375,5006.5,5006.625,5006.75,5006.875,73,16.270000000000003,77.292030659916094,19.527273975812314,79.23744561552067,24.632866798022132,83,28.390000000000004,5008,5008.125,5008.25,5008.375,5008.5,5008.625,5008.75,5008.875,9,1,1,20,0,2,0,2,2,0,23,2,3,2,3,3,1,29,3,8,3,8,8,0,41,8,9,8,9,5,1,47,9,14,9,14,14,0,59,14,15,14,15,7,1,65,15,20,15,20,20,0,77,20,21,20,21,0,1,83,21,0,21,0,9,0,2,120,0,21,0,5,5,0,132,21,20,5,6,7,2,138,20,15,6,11,11,0,150,15,14,11,12,5,2,156,14,9,12,17,17,0,168,9,8,17,18,3,2,174,8,3,18,23,23,0,186,3,2,23,24,24,0,189,2,0,24,0
whole,44,27,3,0.0050000000000000001,1.1000000000000001,0.5,5,11,23,2,1000,11,23,3,1001,11,23,4,1002,11,23,5,1003,11,23,0,1004,11,23,1,1005,11,23,2,1006,11,23,3,1007,11,23,4,1008,11,23,5,1009,11,23,0,1010,11,23,1,1011,11,23,2,1012,11,23,3,1013,11,23,4,1014,11,23,5,1015,11,23,0,1016,11,23,1,1017,11,23,2,1018,11,23,3,1019,11,23,4,1020,11,23,5,1021,11,23,0,1022,11,23,1,1023,11,23,2,1024,11,23,3,1025,11,23,4,1026,27,0,1,2,3,4,5,6,7,8,9,10,11,12,13,14,15,16,17,18,19,20,21,22,23,24,25,26,17,20,23,26,29,32,35,38,41,44,47,50,53,56,59,62,65,68,71,74,77,80,83,86,89,92,95,26,0,26,25,24,23,22,21,20,19,18,17,16,15,14,13,12,11,10,9,8,7,6,5,4,3,2,117,120,123,126,129,132,135,138,141,144,147,150,153,156,159,162,165,168,171,174,177,180,183,186,189,192,25,2,3,4,5,6,7,8,9,10,11,12,13,14,15,16,17,18,19,20,21,22,23,24,25,26,217,220,223,226,229,232,235,238,241,244,247,250,253,256,259,262,265,268,271,274,277,280,283,286,289,10,0,0,2,0,4,1001,4,1002,2,2,2,2,2,2,2,2,4,1007,4,1008,2,4,2,4,2,4,2,4,4,1013,4,1014,2,6,2,6,2,6,2,6,4,1019,4,1020,2,8,2,8,2,8,2,8,4,1025,4,1026,11,23,11,23,11,23,11,23,5001,5001.125,5001.25,5001.375,5001.5,5001.625,5001.75,5001.875,11,23,0,0,0,0,11,23,5003,5003.125,5003.25,5003.375,5003.5,5003.625,5003.75,5003.875,11,23,0,0,0,0,11,23,5005,5005.125,5005.25,5005.375,5005.5,5005.625,5005.75,5005.875,11,23,0,0,0,0,11,23,5007,5007.125,5007.25,5007.375,5007.5,5007.625,5007.75,5007.875,11,23,0,0,0,0,11,23,5009,5009.125,5009.25,5009.375,5009.5,5009.625,5009.75,5009.875,10,0,1,17,26,1,26,1,1,0,20,1,2,1,2,2,1,26,2,7,2,7,7,0,38,7,8,7,8,4,1,44,8,13,8,13,13,0,56,13,14,13,14,6,1,62,14,19,14,19,19,0,74,19,20,19,20,8,1,80,20,25,20,25,25,0,92,25,26,25,26,9,0,1,117,2,26,25,1,1,0,120,26,25,1,2,8,1,126,25,20,2,7,7,0,138,20,19,7,8,6,1,144,19,14,8,13,13,0,156,14,13,13,14,4,1,162,13,8,14,19,19,0,174,8,7,19,20,2,1,180,7,2,20,25,9,2,1,220,2,7,0,5,5,0,232,7,8,5,6,4,1,238,8,13,6,11,11,0,250,13,14,11,12,6,1,256,14,19,12,17,17,0,268,19,20,17,18,8,1,274,20,25,18,23,23,0,286,25,26,23,24,24,0,289,26,2,24,0
whole,45,28,1,0.01,1.5000000000000002,0.75,6,45,0,3,1000,47,0.97999999999999998,4,1001,49,0.93000000000000005,5,1002,51,1.02,0,1003,53,1.25,1,1004,55,2.79,2,1005,57,3.3000000000000007,3,1006,59,3.9500000000000002,4,1007,61,4.7400000000000002,5,1008,63,5.6700000000000008,0,1009,65,7.910000000000001,1,1010,67,9.120000000000001,2,1011,69,10.470000000000002,3,1012,71,11.960000000000003,4,1013,73,14.760000000000002,5,1014,75,16.530000000000001,0,1015,77,18.440000000000001,1,1016,79,20.490000000000002,2,1017,81,22.680000000000003,3,1018,83,26.180000000000003,4,1019,85,28.650000000000002,5,1020,87,31.260000000000005,0,1021,89,34.010000000000005,1,1022,91,38.07,2,1023,93,41.100000000000009,3,1024,95,44.27000000000001,4,1025,97,47.580000000000005,5,1026,99,51.030000000000008,0,1027,28,0,1,2,0,4,5,6,7,8,9,10,11,12,13,14,15,16,17,18,19,20,21,22,23,24,25,26,27,17,20,23,26,29,32,35,38,41,44,47,50,53,56,59,62,65,68,71,74,77,80,83,86,89,92,95,98,14,0,0,4,1000,4,1001,5,1002,0,1003,2,3,2,3,4,1006,4,1007,2,5,2,5,2,5,2,5,4,1012,4,1013,2,7,2,7,2,7,2,7,4,1018,4,1019,2,9,2,9,2,9,2,9,4,1024,4,1025,2,11,5,1027,5000,5000.125,5000.25,5000.375,5000.5,5000.625,5000.75,5000.875,5001,5001.125,5001.25,5001.375,5001.5,5001.625,5001.75,5001.875,5002,5002.125,5002.25,5002.375,5002.5,5002.625,5002.75,5002.875,45,0,48,0.82500000000000018,54,2.4750000000000005,57,3.3000000000000007,5004,5004.125,5004.25,5004.375,5004.5,5004.625,5004.75,5004.875,59,3.9500000000000002,63.237475291331734,4.7712666643456991,65.202240952266308,8.7830142705900762,69,10.470000000000002,5006,5006.125,5006.25,5006.375,5006.5,5006.625,5006.75,5006.875,71,11.960000000000003,73.556563045082399,16.201547063865913,78.039490779035603,18.737989355579632,81,22.680000000000003,5008,5008.125,5008.25,5008.375,5008.5,5008.625,5008.75,5008.875,83,26.180000000000003,87.204327369626228,30.58651373857511,89.843490429172093,35.993619186595382,93,41.100000000000009,5010,5010.125,5010.25,5010.375,5010.5,5010.625,5010.75,5010.875,95,44.27000000000001,96,45.960000000000008,98,49.340000000000011,99,51.030000000000008,5012,5012.125,5012.25,5012.375,5012.5,5012.625,5012.75,5012.875,5013,5013.125,5013.25,5013.375,5013.5,5013.625,5013.75,5013.875,13,0,0,17,0,1,0,1,1,0,20,1,2,1,2,2,0,23,2,0,2,3,3,1,29,0,6,3,6,6,0,35,6,7,6,7,5,1,41,7,12,7,12,12,0,53,12,13,12,13,7,1,59,13,18,13,18,18,0,71,18,19,18,19,9,1,77,19,24,19,24,24,0,89,24,25,24,25,11,1,95,25,27,25,27,27,0,98,27,0,27,0
whole,46,29,2,0.014999999999999999,1.9000000000000001,0.5,7,46,0.13,4,1000,48,1.1100000000000001,5,1001,50,1.0600000000000001,0,1002,52,1.1500000000000001,1,1003,54,1.3800000000000001,2,1004,56,1.7500000000000002,3,1005,58,3.4300000000000006,4,1006,60,4.0800000000000001,5,1007,62,4.8700000000000001,0,1008,64,5.8000000000000007,1,1009,66,8.0400000000000009,2,1010,68,9.25,3,1011,70,10.600000000000001,4,1012,72,12.090000000000002,5,1013,74,13.720000000000001,0,1014,76,16.66,1,1015,78,18.57,2,1016,80,20.620000000000001,3,1017,82,22.810000000000002,4,1018,84,26.310000000000002,5,1019,86,28.780000000000005,0,1020,88,31.390000000000004,1,1021,90,34.140000000000001,2,1022,92,37.030000000000001,3,1023,94,41.230000000000004,4,1024,96,44.400000000000006,5,1025,98,47.710000000000008,0,1026,100,51.160000000000011,1,1027,102,55.920000000000002,2,1028,29,0,1,2,3,4,5,6,7,8,9,10,11,12,13,14,15,16,17,18,19,20,21,22,23,24,25,26,27,28,17,20,23,26,29,32,35,38,41,44,47,50,53,56,59,62,65,68,71,74,77,80,83,86,89,92,95,98,101,28,0,28,27,26,25,24,23,22,21,20,19,18,17,16,15,14,13,12,11,10,9,8,7,6,5,4,3,2,117,120,123,126,129,132,135,138,141,144,147,150,153,156,159,162,165,168,171,174,177,180,183,186,189,192,195,198,10,0,0,4,1000,2,0,2,0,2,0,2,0,4,1005,4,1006,2,2,2,2,2,2,2,2,4,1011,4,1012,2,4,2,4,2,4,2,4,4,1017,4,1018,2,6,2,6,2,6,2,6,4,1023,4,1024,2,8,2,8,2,8,2,8,46,0.13,48.951858824328106,2.1084387793087935,52.754081492008709,0.4545980817543222,56,1.7500000000000002,5001,5001.125,5001.25,5001.375,5001.5,5001.625,5001.75,5001.875,58,3.4300000000000006,62.185559008083658,4.0140691989457506,64.814805566389808,6.9788554655836847,68,9.25,5003,5003.125,5003.25,5003.375,5003.5,5003.625,5003.75,5003.875,70,10.600000000000001,74.312250346599541,12.974863755410777,76.213264797153855,17.627877992994318,80,20.620000000000001,5005,5005.125,5005.25,5005.375,5005.5,5005.625,5005.75,5005.875,82,22.810000000000002,84.613014267820887,28.025225749511605,89.023151535062553,32.027617342040173,92,37.030000000000001,5007,5007.125,5007.25,5007.375,5007.5,5007.625,5007.75,5007.875,94,41.230000000000004,112.15788195349046,66.949108449886907,117.47199956585266,115.87432749588301,46,0.13,5009,5009.125,5009.25,5009.375,5009.5,5009.625,5009.75,5009.875,9,0,1,20,0,5,0,5,5,0,32,5,6,5,6,2,1,38,6,11,6,11,11,0,50,11,12,11,12,4,1,56,12,17,12,17,17,0,68,17,18,17,18,6,1,74,18,23,18,23,23,0,86,23,24,23,24,8,1,92,24,0,24,0,9,8,2,120,0,24,0,5,5,0,132,24,23,5,6,6,2,138,23,18,6,11,11,0,150,18,17,11,12,4,2,156,17,12,12,17,17,0,168,12,11,17,18,2,2,174,11,6,18,23,23,0,186,6,5,23,24,0,2,192,5,0,24,0
whole,47,30,3,0.02,2.2999999999999998,0.5,8,47,0.26000000000000001,5,1000,49,0.070000000000000007,0,1001,51,1.1899999999999999,1,1002,53,1.2800000000000002,2,1003,55,1.5100000000000002,3,1004,57,1.8800000000000003,4,1005,59,3.5600000000000005,5,1006,61,4.21,0,1007,63,5,1,1008,65,5.9300000000000006,2,1009,67,7.0000000000000009,3,1010,69,9.3800000000000008,4,1011,71,10.730000000000002,5,1012,73,12.220000000000002,0,1013,75,13.850000000000001,1,1014,77,16.790000000000003,2,1015,79,18.700000000000003,3,1016,81,20.75,4,1017,83,22.940000000000005,5,1018,85,25.270000000000003,0,1019,87,28.910000000000004,1,1020,89,31.520000000000003,2,1021,91,34.270000000000003,3,1022,93,37.160000000000004,4,1023,95,41.360000000000007,5,1024,97,44.530000000000008,0,1025,99,47.840000000000011,1,1026,101,51.290000000000006,2,1027,103,54.880000000000003,3,1028,105,59.780000000000001,4,1029,30,0,1,2,3,4,5,6,7,8,9,10,11,12,13,14,15,16,17,18,19,20,21,22,23,24,25,26,27,28,29,17,20,23,26,29,32,35,38,41,44,47,50,53,56,59,62,65,68,71,74,77,80,83,86,89,92,95,98,101,104,29,0,29,28,27,26,25,24,23,22,21,20,19,18,17,16,15,14,13,12,11,10,9,8,7,6,5,4,3,2,117,120,123,126,129,132,135,138,141,144,147,150,153,156,159,162,165,168,171,174,177,180,183,186,189,192,195,198,201,28,2,3,4,5,6,7,8,9,10,11,12,13,14,15,16,17,18,19,20,21,22,23,24,25,26,27,28,29,217,220,223,226,229,232,235,238,241,244,247,250,253,256,259,262,265,268,271,274,277,280,283,286,289,292,295,298,10,0,0,2,0,2,0,2,0,2,0,4,1004,4,1005,2,2,2,2,2,2,2,2,4,1010,4,1011,2,4,2,4,2,4,2,4,4,1016,4,1017,2,6,2,6,2,6,2,6,4,1022,4,1023,2,8,2,8,2,8,2,8,4,1028,4,1029,105,59.780000000000001,3.7656769700844479,-23.157328287133215,24.674633879852955,-2.4709168109404089,55,1.5100000000000002,5001,5001.125,5001.25,5001.375,5001.5,5001.625,5001.75,5001.875,57,1.8800000000000003,59.640151543382785,4.7336357938364646,63.950356809922177,4.6716009889629797,67,7.0000000000000009,5003,5003.125,5003.25,5003.375,5003.5,5003.625,5003.75,5003.875,69,9.3800000000000008,73.294385299031191,11.499395738681383,75.836846808076459,15.372954540962112,79,18.700000000000003,5005,5005.125,5005.25,5005.375,5005.5,5005.625,5005.75,5005.875,81,20.75,85.265484051050635,24.57408746231544,87.256035708652519,30.010421576513291,91,34.270000000000003,5007,5007.125,5007.25,5007.375,5007.5,5007.625,5007.75,5007.875,93,37.160000000000004,95.683700078281007,43.413951034607493,99.993077535408574,48.781682227207718,103,54.880000000000003,5009,5009.125,5009.25,5009.375,5009.5,5009.625,5009.75,5009.875,10,0,1,17,29,4,29,4,4,0,29,4,5,4,5,2,1,35,5,10,5,10,10,0,47,10,11,10,11,4,1,53,11,16,11,16,16,0,65,16,17,16,17,6,1,71,17,22,17,22,22,0,83,22,23,22,23,8,1,89,23,28,23,28,28,0,101,28,29,28,29,10,0,2,198,4,29,26,1,1,0,120,29,28,1,2,8,2,126,28,23,2,7,7,0,138,23,22,7,8,6,2,144,22,17,8,13,13,0,156,17,16,13,14,4,2,162,16,11,14,19,19,0,174,11,10,19,20,2,2,180,10,5,20,25,25,0,192,5,4,25,26,10,0,1,217,29,4,27,2,2,0,223,4,5,2,3,2,1,229,5,10,3,8,8,0,241,10,11,8,9,4,1,247,11,16,9,14,14,0,259,16,17,14,15,6,1,265,17,22,15,20,20,0,277,22,23,20,21,8,1,283,23,28,21,26,26,0,295,28,29,26,27
