derivative,0,8,0,0,11,23,11,23,11,23,11,23,11,23,11,23,11,23,11,23,11,23,12.25,22.699999999999999,10.300000000000001,25,11,23,-7,3,1000,1001,1002,1003,1004,1005,1006,1007,1008,1009,1010,1011,1012,1013,1014,1015,1016,1017,1018,1019,77,78,79,80,81,82
derivative,1,9,1,2,1,0.17999999999999999,4,1.48,7,1.24,10,1.0800000000000001,13,1,16,1,19,2.7000000000000002,22,2.8599999999999999,25,3.1000000000000001,4,1.48,8.25,0.93999999999999995,3.2999999999999998,3.48,7,1.24,-6.5999999999999996,3.8999999999999999,1000,1001,1002,1003,1004,1005,1006,1007,1008,1009,1010,1011,1012,1013,1014,1015,1016,1017,1018,1019,77,78,79,80,81,82
derivative,2,10,2,4,2,0.35999999999999999,5,0.040000000000000001,8,1.4199999999999999,11,1.2599999999999998,14,1.1800000000000002,17,1.1799999999999999,20,2.8799999999999999,23,3.04,26,3.2800000000000002,29,3.6000000000000001,8,1.4199999999999999,10.75,1.0599999999999998,11.800000000000001,3.2400000000000002,14,1.1800000000000002,-6.2000000000000002,4.7999999999999998,1000,1001,1002,1003,1004,1005,1006,1007,1008,1009,1010,1011,1012,1013,1014,1015,1016,1017,1018,1019,0,78,0,2,4,82
derivative,3,11,3,6,3,0.54000000000000004,6,0.22,9,1.5999999999999999,12,1.4399999999999999,15,1.3599999999999999,18,1.3599999999999999,21,1.4399999999999999,24,3.2199999999999998,27,3.46,30,3.7800000000000002,33,4.1799999999999997,12,1.4399999999999999,15.5,1.1399999999999999,18.050000000000001,3.4399999999999999,21,1.4399999999999999,-5.7999999999999998,5.7000000000000002,1000,1001,1002,1003,1004,1005,1006,1007,1008,1009,1010,1011,1012,1013,1014,1015,1016,1017,1018,1019,0,78,0,3,6,82
derivative,4,12,4,8,4,0.71999999999999997,7,0.39999999999999997,10,0.16,13,1.6200000000000001,16,1.54,19,1.54,22,1.6199999999999999,25,3.3999999999999999,28,3.6400000000000001,31,3.96,34,4.3600000000000003,37,4.8399999999999999,16,1.54,21.407770961173235,1.2291578212020255,23.457770961173232,4.2291578212020253,27.999999999999993,3.6399999999999988,-5.4000000000000004,6.5999999999999996,-28.52037753877925,5.2384717882963461,1002,1003,1.0319703192865222,0,1006,1007,0,1.0319703192865222,1010,1011,1012,1013,1014,1015,1016,1017,1018,1019,2,78,0,4,8,82
derivative,5,13,0,5,5,0.89999999999999991,8,0.58000000000000007,11,0.33999999999999997,14,1.7999999999999998,17,1.7200000000000002,20,1.72,23,1.7999999999999998,26,1.96,29,3.8200000000000003,32,4.1400000000000006,35,4.54,38,5.0199999999999996,41,7.1999999999999993,5,0.89999999999999991,11.589260095988752,-1.2607247353412048,13.926126285724671,4.9018530747520055,20,1.72,-5,7.5,0.61058707951972768,1.0024379485302983,0.19481908173091098,1.4942824892924045,0.83987063024812703,0,0.62718846155501495,0,0,0.83987063024812703,0,0.62718846155501495,0.62718846155501495,0,0.84125853241020199,0,0,0.62718846155501495,0,0.84125853241020199,4,78,0,0,5,82
derivative,6,14,1,7,6,1.0800000000000001,9,0.76000000000000001,12,0.52000000000000002,15,0.35999999999999999,18,1.8999999999999999,21,1.8999999999999999,24,1.98,27,2.1400000000000001,30,4,33,4.3200000000000003,36,4.7199999999999998,39,5.2000000000000002,42,5.7599999999999998,45,8.0199999999999996,9,0.76000000000000001,16.509352368899666,-0.78407369636176827,19.878343367826989,5.0690144296586954,27,2.1400000000000001,-4.5999999999999996,8.4000000000000004,0.72278264357651234,1.2119190864150959,0.22729345874675538,1.8233715541905826,1.00198041253563,0,0.75625026435092912,0,0,1.00198041253563,0,0.75625026435092912,0.75625026435092912,0,1.025164006892227,0,0,0.75625026435092912,0,1.025164006892227,4,78,0,1,7,82
derivative,7,15,2,9,7,1.26,10,0.93999999999999995,13,0.70000000000000007,16,0.54000000000000004,19,2.0800000000000001,22,2.0800000000000001,25,2.1600000000000001,28,2.3199999999999998,31,2.5600000000000001,34,4.5,37,4.9000000000000004,40,5.3799999999999999,43,5.9399999999999995,46,8.1999999999999993,49,8.9199999999999999,13,0.70000000000000007,20.824913376682659,2.6554838674897208,27.171504952209627,2.4560873795835345,34,4.5,-4.1999999999999993,9.3000000000000007,0.86482070485708207,1.4967284780048846,0.29844116160277018,2.1893493955903436,1.2131871692693306,0,0.93037036923151628,0,0,1.2131871692693306,0,0.93037036923151628,0.93037036923151628,0,1.2342448140536948,0,0,0.93037036923151628,0,1.2342448140536948,4,78,0,2,9,82
derivative,8,16,3,11,8,1.4399999999999999,11,1.1200000000000001,14,0.88,17,0.71999999999999997,20,0.64000000000000001,23,2.2599999999999998,26,2.3399999999999999,29,2.5,32,2.7400000000000002,35,4.6799999999999997,38,5.0800000000000001,41,5.5599999999999996,44,6.1200000000000001,47,6.7599999999999998,50,9.0999999999999996,53,9.9000000000000004,17,0.71999999999999997,26.362768231416208,1.3895096377723455,32.237855910025026,5.65222026415816,41,5.5599999999999996,-3.7999999999999998,10.199999999999999,0.99872265183629072,1.6470999479114301,0.34267165974555736,2.3885323999704418,1.3761861707750049,0,1.0299932946683428,0,0,1.3761861707750049,0,1.0299932946683428,1.0299932946683428,0,1.3488117163881144,0,0,1.0299932946683428,0,1.3488117163881144,4,78,0,3,11,82
derivative,9,17,4,13,9,0,12,1.3,15,1.0599999999999998,18,0.90000000000000002,21,0.82000000000000006,24,2.4399999999999999,27,2.52,30,2.6799999999999997,33,2.9199999999999999,36,3.2400000000000002,39,5.2599999999999998,42,5.7400000000000002,45,6.2999999999999998,48,6.9399999999999995,51,9.2799999999999994,54,10.08,57,10.960000000000001,21,0.82000000000000006,31.196743872866115,2.7823148533431725,38.233781374736175,6.2738389700451673,48,6.9399999999999995,-3.3999999999999999,11.1,1.1538415534130426,1.8374055657381232,0.37735132803324373,2.6954947435201015,1.5699261681247336,0,1.1542210312363046,0,0,1.5699261681247336,0,1.1542210312363046,1.1542210312363046,0,1.5209332648351968,0,0,1.1542210312363046,0,1.5209332648351968,4,78,0,4,13,82
derivative,10,18,0,10,10,0.17999999999999999,13,1.48,16,1.24,19,1.0800000000000001,22,1,25,1,28,2.7000000000000002,31,2.8599999999999999,34,3.1000000000000001,37,3.4200000000000004,40,5.4399999999999995,43,5.9199999999999999,46,6.4799999999999995,49,7.1200000000000001,52,7.8399999999999999,55,10.26,58,11.140000000000001,61,12.100000000000001,10,0.17999999999999999,21.076835071697985,1.971453564201578,30.154183849450948,2.3819169630432726,40,5.4399999999999995,-3,12,1.2796926816810343,2.0779988486817973,0.4145499322795847,3.0732039056506686,1.753201891350276,0,1.3020009225790825,0,0,1.753201891350276,0,1.3020009225790825,1.3020009225790825,0,1.7319159103818271,0,0,1.3020009225790825,0,1.7319159103818271,4,78,0,0,10,82
derivative,11,19,1,12,11,23,11,23,11,23,11,23,11,23,11,23,11,23,11,23,11,23,11,23,11,23,11,23,11,23,11,23,11,23,11,23,11,23,11,23,11,23,11,23,1.25,-0.29999999999999999,-0.69999999999999996,2,11,23,-2.5999999999999996,12.9,0,0,0,0,1.0000000000000001e-005,0,0,0,0,1.0000000000000001e-005,0,0,0,0,1.0000000000000001e-005,0,0,0,0,1.0000000000000001e-005,4,78,0,1,12,82
derivative,12,20,2,14,12,0.54000000000000004,15,0.22,18,1.5999999999999999,21,1.4399999999999999,24,1.3599999999999999,27,1.3599999999999999,30,1.4399999999999999,33,3.2199999999999998,36,3.46,39,3.7800000000000002,42,4.1799999999999997,45,6.2799999999999994,48,6.8399999999999999,51,7.4799999999999995,54,8.1999999999999993,57,9,60,11.5,63,12.460000000000001,66,13.5,69,14.619999999999999,18,1.5999999999999999,32.049302634761837,-0.43113962739309508,41.14355966596829,7.6125479213263576,54,8.1999999999999993,-2.1999999999999993,13.800000000000001,1.5009049165827197,2.4323702447488964,0.49424782303396969,3.5723826201578852,2.0549004544280614,0,1.5244173791423827,0,0,2.0549004544280614,0,1.5244173791423827,1.5244173791423827,0,2.0149200424295146,0,0,1.5244173791423827,0,2.0149200424295146,4,78,0,2,14,82
derivative,13,21,3,16,13,0.71999999999999997,16,0.39999999999999997,19,0.16,22,1.6200000000000001,25,1.54,28,1.54,31,1.6199999999999999,34,3.3999999999999999,37,3.6400000000000001,40,3.96,43,4.3600000000000003,46,4.8399999999999999,49,7.0199999999999996,52,7.6600000000000001,55,8.379999999999999,58,9.1799999999999997,61,11.68,64,12.640000000000001,67,13.680000000000001,70,14.799999999999999,73,16,22,1.6200000000000001,36.705356498498311,1.7501054950352766,48.598200035199639,7.0496158057313147,61,11.68,-1.7999999999999998,14.700000000000001,1.6527859979507833,2.6965536248847797,0.54988771997864927,3.9499625038394557,2.2683970956583868,0,1.6885553778460969,0,0,2.2683970956583868,0,1.6885553778460969,1.6885553778460969,0,2.2283250547547016,0,0,1.6885553778460969,0,2.2283250547547016,4,78,0,3,16,82
derivative,14,22,4,18,14,0.89999999999999991,17,0.58000000000000007,20,0.33999999999999997,23,1.7999999999999998,26,1.7200000000000002,29,1.72,32,1.7999999999999998,35,1.96,38,3.8200000000000003,41,4.1400000000000006,44,4.54,47,5.0199999999999996,50,7.1999999999999993,53,7.8399999999999999,56,8.5600000000000005,59,9.3599999999999994,62,10.24,65,12.82,68,13.860000000000001,71,14.98,74,16.18,77,19.080000000000002,26,1.7200000000000002,41.935405587807807,2.04483219148816,54.17968818442759,9.5118381380529673,68,13.860000000000001,-1.3999999999999995,15.6,1.7615182527789555,2.8841557192253324,0.58457336239857394,4.2321511143503177,2.4207985383798585,0,1.8052195886915607,0,0,2.4207985383798585,0,1.8052195886915607,1.8052195886915607,0,2.3869436138602698,0,0,1.8052195886915607,0,2.3869436138602698,4,78,0,4,18,82
derivative,15,23,0,15,15,1.0800000000000001,18,0.76000000000000001,21,0.52000000000000002,24,0.35999999999999999,27,1.8999999999999999,30,1.8999999999999999,33,1.98,36,2.1400000000000001,39,4,42,4.3200000000000003,45,4.7199999999999998,48,5.2000000000000002,51,5.7599999999999998,54,8.0199999999999996,57,8.7400000000000002,60,9.5399999999999991,63,10.42,66,13,69,14.040000000000001,72,15.16,75,16.359999999999999,78,17.640000000000001,81,20.620000000000001,15,1.0800000000000001,31.730588312486503,-0.37725271377011421,44.782535050556476,6.5436622670484788,60,9.5399999999999991,-1,16.5,1.879685286914317,3.0875695877836757,0.62796423626247677,4.5224816254530795,2.5859870424767224,0,1.9316805777362078,0,0,2.5859870424767224,0,1.9316805777362078,1.9316805777362078,0,2.5510483360096421,0,0,1.9316805777362078,0,2.5510483360096421,4,78,0,0,15,82
derivative,16,24,1,17,16,1.26,19,0.93999999999999995,22,0.70000000000000007,25,0.54000000000000004,28,2.0800000000000001,31,2.0800000000000001,34,2.1600000000000001,37,2.3199999999999998,40,2.5600000000000001,43,4.5,46,4.9000000000000004,49,5.3799999999999999,52,5.9399999999999995,55,8.1999999999999993,58,8.9199999999999999,61,9.7200000000000006,64,10.6,67,11.56,70,14.220000000000001,73,15.34,76,16.539999999999999,79,17.82,82,20.800000000000001,85,22.240000000000002,19,0.93999999999999995,36.977136374031517,0.16238525629819228,50.414331502232997,8.3442381808729706,67,11.56,-0.59999999999999964,17.399999999999999,2.019279411521389,3.2621820562511599,0.6687836220684511,4.7771952564119813,2.7613732407279858,0,2.0453001380873395,0,0,2.7613732407279858,0,2.0453001380873395,2.0453001380873395,0,2.6954660913009039,0,0,2.0453001380873395,0,2.6954660913009039,4,78,0,1,17,82
derivative,17,25,2,19,17,1.4399999999999999,20,1.1200000000000001,23,0.88,26,0.71999999999999997,29,0.64000000000000001,32,2.2599999999999998,35,2.3399999999999999,38,2.5,41,2.7400000000000002,44,4.6799999999999997,47,5.0800000000000001,50,5.5599999999999996,53,6.1200000000000001,56,6.7599999999999998,59,9.0999999999999996,62,9.9000000000000004,65,10.780000000000001,68,11.74,71,14.4,74,15.52,77,16.719999999999999,80,18,83,19.359999999999999,86,22.420000000000002,89,23.939999999999998,23,0.88,41.874199445184452,1.6463515957652746,57.757106118524916,8.7284436428031746,74,15.52,-0.19999999999999929,18.300000000000001,2.1680217077492974,3.5194787355776675,0.73156881948006613,5.1206817348106801,2.9700234267699068,0,2.2052608453202756,0,0,2.9700234267699068,0,2.2052608453202756,2.2052608453202756,0,2.89120727863981,0,0,2.2052608453202756,0,2.89120727863981,4,78,0,2,19,82
derivative,18,26,3,21,18,0,21,1.3,24,1.0599999999999998,27,0.90000000000000002,30,0.82000000000000006,33,2.4399999999999999,36,2.52,39,2.6799999999999997,42,2.9199999999999999,45,3.2400000000000002,48,5.2599999999999998,51,5.7400000000000002,54,6.2999999999999998,57,6.9399999999999995,60,9.2799999999999994,63,10.08,66,10.960000000000001,69,11.92,72,12.960000000000001,75,15.699999999999999,78,16.899999999999999,81,18.18,84,19.539999999999999,87,22.600000000000001,90,24.119999999999997,93,25.719999999999999,27,0.90000000000000002,47.118798750444142,2.4447503042591427,63.476265317770341,10.967377673003844,81,18.18,0.20000000000000018,19.199999999999999,2.3017454105219919,3.6980995755911654,0.76840540551110981,5.3914121703902742,3.1415094333677756,0,2.3203021503037924,0,0,3.1415094333677756,0,2.3203021503037924,2.3203021503037924,0,3.0438510815174347,0,0,2.3203021503037924,0,3.0438510815174347,4,78,0,3,21,82
derivative,19,27,4,23,19,0.17999999999999999,22,1.48,25,1.24,28,1.0800000000000001,31,1,34,1,37,2.7000000000000002,40,2.8599999999999999,43,3.1000000000000001,46,3.4200000000000004,49,5.4399999999999995,52,5.9199999999999999,55,6.4799999999999995,58,7.1200000000000001,61,7.8399999999999999,64,10.26,67,11.140000000000001,70,12.100000000000001,73,13.140000000000001,76,15.879999999999999,79,17.079999999999998,82,18.359999999999999,85,19.719999999999999,88,21.16,91,24.300000000000001,94,25.899999999999999,97,27.579999999999998,31,1,52.375687666524144,3.2700444220918095,69.139159554797729,13.521061771002083,88,21.16,0.60000000000000053,20.100000000000001,2.4327401277742533,3.8833968960142378,0.81790818172600188,5.6367041984110777,3.3126532711296903,0,2.438630639120789,0,0,3.3126532711296903,0,2.438630639120789,2.438630639120789,0,3.1842719056913644,0,0,2.438630639120789,0,3.1842719056913644,4,78,0,4,23,82
derivative,20,28,0,20,20,0.35999999999999999,23,0.040000000000000001,26,1.4199999999999999,29,1.2599999999999998,32,1.1800000000000002,35,1.1799999999999999,38,2.8799999999999999,41,3.04,44,3.2800000000000002,47,3.6000000000000001,50,4,53,6.0999999999999996,56,6.6600000000000001,59,7.2999999999999998,62,8.0199999999999996,65,10.44,68,11.32,71,12.280000000000001,74,13.32,77,14.44,80,17.260000000000002,83,18.539999999999999,86,19.899999999999999,89,21.34,92,24.48,95,26.079999999999998,98,27.759999999999998,101,29.52,20,0.35999999999999999,41.896048045494254,1.1508367376290993,61.393037664192413,8.0103963927940089,80,17.260000000000002,1,21,2.5741397867855147,4.1417882395698502,0.8567528499417657,6.0481197368073047,3.5149346702647164,0,2.5981473286920092,0,0,3.5149346702647164,0,2.5981473286920092,2.5981473286920092,0,3.4138520716713852,0,0,2.5981473286920092,0,3.4138520716713852,4,78,0,0,20,82
derivative,21,29,1,22,21,0.54000000000000004,24,0.22,27,1.5999999999999999,30,1.4399999999999999,33,1.3599999999999999,36,1.3599999999999999,39,1.4399999999999999,42,3.2199999999999998,45,3.46,48,3.7800000000000002,51,4.1799999999999997,54,6.2799999999999994,57,6.8399999999999999,60,7.4799999999999995,63,8.1999999999999993,66,9,69,11.5,72,12.460000000000001,75,13.5,78,14.619999999999999,81,17.440000000000001,84,18.719999999999999,87,20.079999999999998,90,21.52,93,23.039999999999999,96,26.260000000000002,99,27.939999999999998,102,29.699999999999999,105,31.539999999999999,24,0.22,47.260146372178092,1.6846565232353181,67.097666543383582,10.35871766080448,87,20.079999999999998,1.4000000000000004,21.900000000000002,2.7011209135781673,4.33086870253703,0.91350149183003171,6.2777370245241473,3.6837296986806738,0,2.7180121526358554,0,0,3.6837296986806738,0,2.7180121526358554,2.7180121526358554,0,3.5466639223340648,0,0,2.7180121526358554,0,3.5466639223340648,4,78,0,1,22,82
derivative,22,30,2,24,11,23,11,23,11,23,11,23,11,23,11,23,11,23,11,23,11,23,11,23,11,23,11,23,11,23,11,23,11,23,11,23,11,23,11,23,11,23,11,23,11,23,11,23,11,23,11,23,11,23,11,23,11,23,11,23,11,23,11,23,11,23,1.25,-0.29999999999999999,-0.69999999999999996,2,11,23,1.8000000000000007,22.800000000000001,0,0,0,0,1.0000000000000001e-005,0,0,0,0,1.0000000000000001e-005,0,0,0,0,1.0000000000000001e-005,0,0,0,0,1.0000000000000001e-005,4,78,0,2,24,82
derivative,23,8,3,0,23,0.89999999999999991,26,0.58000000000000007,29,0.33999999999999997,32,1.7999999999999998,35,1.7200000000000002,38,1.72,41,1.7999999999999998,44,1.96,32,1.7999999999999998,42.723218794317773,0.89732428351652826,63.612228732377815,5.6216036073756754,23,0.89999999999999991,2.2000000000000011,23.699999999999999,1.1123317028896682,0.52506811982834956,0.40350128106905314,0.25812525619181503,1.1327116510702901,0,0.43245128081755335,0,0,1.1327116510702901,0,0.43245128081755335,0.43245128081755335,0,0.19397653625461425,0,0,0.43245128081755335,0,0.19397653625461425,4,78,0,3,0,82
derivative,24,9,4,8,24,1.0800000000000001,27,0.76000000000000001,30,0.52000000000000002,33,0.35999999999999999,36,1.8999999999999999,39,1.8999999999999999,42,1.98,45,2.1400000000000001,48,4,36,1.8999999999999999,41.649649431128616,0.88426879927948665,43.699649431128613,3.8842687992794867,48,3.9999999999999996,2.6000000000000014,24.600000000000001,-43.629395540061914,25.930509448003434,1002,1003,1.090737927836674,0,1006,1007,0,1.090737927836674,1010,1011,1012,1013,1014,1015,1016,1017,1018,1019,2,78,0,4,8,82
derivative,25,10,0,3,25,1.26,28,0.93999999999999995,31,0.70000000000000007,34,0.54000000000000004,37,2.0800000000000001,40,2.0800000000000001,43,2.1600000000000001,46,2.3199999999999998,49,2.5600000000000001,52,4.5,25,1.26,28.5,0.78000000000000003,31.050000000000001,2.7199999999999998,34,0.54000000000000004,3,25.5,1000,1001,1002,1003,1004,1005,1006,1007,1008,1009,1010,1011,1012,1013,1014,1015,1016,1017,1018,1019,0,78,0,0,3,82
derivative,26,11,1,3,26,1.4399999999999999,29,1.1200000000000001,32,0.88,35,0.71999999999999997,38,0.64000000000000001,41,2.2599999999999998,44,2.3399999999999999,47,2.5,50,2.7400000000000002,53,4.6799999999999997,56,5.0800000000000001,29,1.1200000000000001,31.75,0.71999999999999997,32.799999999999997,2.8200000000000003,35,0.71999999999999997,3.4000000000000004,26.400000000000002,1000,1001,1002,1003,1004,1005,1006,1007,1008,1009,1010,1011,1012,1013,1014,1015,1016,1017,1018,1019,0,78,0,1,3,82
derivative,27,12,2,3,27,0,30,1.3,33,1.0599999999999998,36,0.90000000000000002,39,0.82000000000000006,42,2.4399999999999999,45,2.52,48,2.6799999999999997,51,2.9199999999999999,54,3.2400000000000002,57,5.2599999999999998,60,5.7400000000000002,33,1.0599999999999998,37.25,0.60000000000000009,32.299999999999997,3.0599999999999996,36,0.90000000000000002,3.8000000000000007,27.300000000000001,1000,1001,1002,1003,1004,1005,1006,1007,1008,1009,1010,1011,1012,1013,1014,1015,1016,1017,1018,1019,77,78,79,80,81,82
derivative,28,13,3,3,28,0.17999999999999999,31,1.48,34,1.24,37,1.0800000000000001,40,1,43,1,46,2.7000000000000002,49,2.8599999999999999,52,3.1000000000000001,55,3.4200000000000004,58,5.4399999999999995,61,5.9199999999999999,64,6.4799999999999995,37,1.0800000000000001,41.25,0.69999999999999996,33.299999999999997,3.2400000000000002,37,1.0800000000000001,4.2000000000000011,28.199999999999999,1000,1001,1002,1003,1004,1005,1006,1007,1008,1009,1010,1011,1012,1013,1014,1015,1016,1017,1018,1019,77,78,79,80,81,82
derivative,29,14,4,18,29,0.35999999999999999,32,0.040000000000000001,35,1.4199999999999999,38,1.2599999999999998,41,1.1800000000000002,44,1.1799999999999999,47,2.8799999999999999,50,3.04,53,3.2800000000000002,56,3.6000000000000001,59,4,62,6.0999999999999996,65,6.6600000000000001,68,7.2999999999999998,41,1.1800000000000002,99.583457459459353,10.950862986800932,8.2747647895213596,1.7165915165393952,41,1.1800000000000002,4.6000000000000014,29.100000000000001,2.2469523672981135,1.0019056858804798,0.51081575776079946,1.2933607878072566,2.2704595917435362,0,0.84163279033163874,0,0,2.2704595917435362,0,0.84163279033163874,0.84163279033163874,0,0.77293247836853907,0,0,0.84163279033163874,0,0.77293247836853907,4,78,0,4,18,82
derivative,30,15,0,14,30,0.54000000000000004,33,0.22,36,1.5999999999999999,39,1.4399999999999999,42,1.3599999999999999,45,1.3599999999999999,48,1.4399999999999999,51,3.2199999999999998,54,3.46,57,3.7800000000000002,60,4.1799999999999997,63,6.2799999999999994,66,6.8399999999999999,69,7.4799999999999995,72,8.1999999999999993,30,0.54000000000000004,45.621049762827042,0.3352142378189607,57.425068687146791,5.9291657281703607,72,8.1999999999999993,5,30,1.7676258454954457,2.865395986975463,0.58689161166638282,4.1945022994599643,2.4204521907701588,0,1.7957706742456345,0,0,2.4204521907701588,0,1.7957706742456345,1.7957706742456345,0,2.3666660425241104,0,0,1.7957706742456345,0,2.3666660425241104,4,78,0,0,14,82
derivative,31,16,1,15,31,0.71999999999999997,34,0.39999999999999997,37,0.16,40,1.6200000000000001,43,1.54,46,1.54,49,1.6199999999999999,52,3.3999999999999999,55,3.6400000000000001,58,3.96,61,4.3600000000000003,64,4.8399999999999999,67,7.0199999999999996,70,7.6600000000000001,73,8.379999999999999,76,9.1799999999999997,34,0.39999999999999997,49.482279051923449,1.1201406616536704,61.509065607495629,6.55270060474201,76,9.1799999999999997,5.4000000000000004,30.900000000000002,1.7575853132345483,2.8801957759033008,0.58832298607364208,4.2123530549431942,2.4162793636388047,0,1.8025524939040878,0,0,2.4162793636388047,0,1.8025524939040878,1.8025524939040878,0,2.3766149285632583,0,0,1.8025524939040878,0,2.3766149285632583,4,78,0,1,15,82
derivative,32,17,2,16,32,0.89999999999999991,35,0.58000000000000007,38,0.33999999999999997,41,1.7999999999999998,44,1.7200000000000002,47,1.72,50,1.7999999999999998,53,1.96,56,3.8200000000000003,59,4.1400000000000006,62,4.54,65,5.0199999999999996,68,7.1999999999999993,71,7.8399999999999999,74,8.5600000000000005,77,9.3599999999999994,80,10.24,38,0.33999999999999997,53.640412394988445,1.561812897466905,65.243832737696621,7.7272135767377206,80,10.24,5.8000000000000007,31.800000000000001,1.7699897105727085,2.8509973987721131,0.57736996459404499,4.1966381227801257,2.418262961642903,0,1.7882552617614664,0,0,2.418262961642903,0,1.7882552617614664,1.7882552617614664,0,2.3666246227900514,0,0,1.7882552617614664,0,2.3666246227900514,4,78,0,2,16,82
derivative,33,18,3,17,11,23,11,23,11,23,11,23,11,23,11,23,11,23,11,23,11,23,11,23,11,23,11,23,11,23,11,23,11,23,11,23,11,23,11,23,11,23,1.25,-0.29999999999999999,-0.69999999999999996,2,11,23,6.2000000000000011,32.700000000000003,0,0,0,0,1.0000000000000001e-005,0,0,0,0,1.0000000000000001e-005,0,0,0,0,1.0000000000000001e-005,0,0,0,0,1.0000000000000001e-005,4,78,0,3,17,82
derivative,34,19,4,18,34,1.26,37,0.93999999999999995,40,0.70000000000000007,43,0.54000000000000004,46,2.0800000000000001,49,2.0800000000000001,52,2.1600000000000001,55,2.3199999999999998,58,2.5600000000000001,61,4.5,64,4.9000000000000004,67,5.3799999999999999,70,5.9399999999999995,73,8.1999999999999993,76,8.9199999999999999,79,9.7200000000000006,82,10.6,85,11.56,88,14.220000000000001,46,2.0800000000000001,62.085332957683889,1.8169505411790789,74.490636955416463,9.3989418566827752,88,14.220000000000001,6.6000000000000014,33.600000000000001,1.7733845543897588,2.8776161991868872,0.57452052076989901,4.2532875697967096,2.4295137112821474,0,1.8032548257911778,0,0,2.4295137112821474,0,1.8032548257911778,1.8032548257911778,0,2.3972159981855978,0,0,1.8032548257911778,0,2.3972159981855978,4,78,0,4,18,82
derivative,35,20,0,14,35,1.4399999999999999,38,1.1200000000000001,41,0.88,44,0.71999999999999997,47,0.64000000000000001,50,2.2599999999999998,53,2.3399999999999999,56,2.5,59,2.7400000000000002,62,4.6799999999999997,65,5.0800000000000001,68,5.5599999999999996,71,6.1200000000000001,74,6.7599999999999998,77,9.0999999999999996,80,9.9000000000000004,83,10.780000000000001,86,11.74,89,14.4,92,15.52,35,1.4399999999999999,50.688822698521726,-0.40522189512833834,63.282836128695095,5.5354116122709893,77,9.0999999999999996,7,34.5,1.764727392764774,2.8874744875551399,0.57206878577126785,4.2747270698742632,2.4247536710128514,0,1.8074477422105455,0,0,2.4247536710128514,0,1.8074477422105455,1.8074477422105455,0,2.4085260503848351,0,0,1.8074477422105455,0,2.4085260503848351,4,78,0,0,14,82
derivative,36,21,1,15,36,0,39,1.3,42,1.0599999999999998,45,0.90000000000000002,48,0.82000000000000006,51,2.4399999999999999,54,2.52,57,2.6799999999999997,60,2.9199999999999999,63,3.2400000000000002,66,5.2599999999999998,69,5.7400000000000002,72,6.2999999999999998,75,6.9399999999999995,78,9.2799999999999994,81,10.08,84,10.960000000000001,87,11.92,90,12.960000000000001,93,15.699999999999999,96,16.899999999999999,39,1.3,54.732040390570916,0.41578886151586353,67.200639101512806,6.212389618759425,81,10.08,7.4000000000000004,35.399999999999999,1.7721529179388629,2.8918979269628444,0.59505490826917762,4.2199603649887338,2.4326666320573973,0,1.8108546161786458,0,0,2.4326666320573973,0,1.8108546161786458,1.8108546161786458,0,2.3816604988173506,0,0,1.8108546161786458,0,2.3816604988173506,4,78,0,1,15,82
derivative,37,22,2,16,37,0.17999999999999999,40,1.48,43,1.24,46,1.0800000000000001,49,1,52,1,55,2.7000000000000002,58,2.8599999999999999,61,3.1000000000000001,64,3.4200000000000004,67,5.4399999999999995,70,5.9199999999999999,73,6.4799999999999995,76,7.1200000000000001,79,7.8399999999999999,82,10.26,85,11.140000000000001,88,12.100000000000001,91,13.140000000000001,94,15.879999999999999,97,17.079999999999998,100,18.359999999999999,43,1.24,58.770182111258961,0.76876621872834816,71.092566559843547,7.4441982813583127,85,11.140000000000001,7.8000000000000007,36.300000000000004,1.7579498540156648,2.8874474670665853,0.58218574495197928,4.2424953127768008,2.418974499995401,0,1.8065790961947894,0,0,2.418974499995401,0,1.8065790961947894,1.8065790961947894,0,2.3922989628004334,0,0,1.8065790961947894,0,2.3922989628004334,4,78,0,2,16,82
derivative,38,23,3,17,38,0.35999999999999999,41,0.040000000000000001,44,1.4199999999999999,47,1.2599999999999998,50,1.1800000000000002,53,1.1799999999999999,56,2.8799999999999999,59,3.04,62,3.2800000000000002,65,3.6000000000000001,68,4,71,6.0999999999999996,74,6.6600000000000001,77,7.2999999999999998,80,8.0199999999999996,83,10.44,86,11.32,89,12.280000000000001,92,13.32,95,14.44,98,17.260000000000002,101,18.539999999999999,104,19.899999999999999,47,1.2599999999999998,62.862467253386399,1.6339837222667621,74.900177526314891,8.4150928023208351,89,12.280000000000001,8.2000000000000011,37.200000000000003,1.7766017722679135,2.8762466957685633,0.59975658072085813,4.1801142084937437,2.4319173388803317,0,1.802928788553553,0,0,2.4319173388803317,0,1.802928788553553,1.802928788553553,0,2.3605705734579279,0,0,1.802928788553553,0,2.3605705734579279,4,78,0,3,17,82
derivative,39,24,4,18,39,0.54000000000000004,42,0.22,45,1.5999999999999999,48,1.4399999999999999,51,1.3599999999999999,54,1.3599999999999999,57,1.4399999999999999,60,3.2199999999999998,63,3.46,66,3.7800000000000002,69,4.1799999999999997,72,6.2799999999999994,75,6.8399999999999999,78,7.4799999999999995,81,8.1999999999999993,84,9,87,11.5,90,12.460000000000001,93,13.5,96,14.619999999999999,99,17.440000000000001,102,18.719999999999999,105,20.079999999999998,108,21.52,51,1.3599999999999999,66.782373951191829,2.4071248326789352,78.879766137594387,9.5431146665998767,93,13.5,8.6000000000000014,38.100000000000001,1.7593214974601579,2.8843779892838945,0.59259433480711188,4.2075033490603859,2.4193841406658172,0,1.8051221869901457,0,0,2.4193841406658172,0,1.8051221869901457,1.8051221869901457,0,2.3746054337253844,0,0,1.8051221869901457,0,2.3746054337253844,4,78,0,4,18,82
derivative,40,25,0,14,40,0.71999999999999997,43,0.39999999999999997,46,0.16,49,1.6200000000000001,52,1.54,55,1.54,58,1.6199999999999999,61,3.3999999999999999,64,3.6400000000000001,67,3.96,70,4.3600000000000003,73,4.8399999999999999,76,7.0199999999999996,79,7.6600000000000001,82,8.379999999999999,85,9.1799999999999997,88,11.68,91,12.640000000000001,94,13.680000000000001,97,14.799999999999999,100,16,103,18.900000000000002,106,20.259999999999998,109,21.699999999999999,112,23.219999999999999,40,0.71999999999999997,55.520091152335631,0.20678052503251071,67.711627151849939,5.7841640655042248,82,8.379999999999999,9,39,1.7522620760789269,2.8882751025656006,0.58675751982977142,4.2286518686403989,2.4141997914966038,0,1.8062710878125408,0,0,2.4141997914966038,0,1.8062710878125408,1.8062710878125408,0,2.3853144391327379,0,0,1.8062710878125408,0,2.3853144391327379,4,78,0,0,14,82
derivative,41,26,1,15,41,0.89999999999999991,44,0.58000000000000007,47,0.33999999999999997,50,1.7999999999999998,53,1.7200000000000002,56,1.72,59,1.7999999999999998,62,1.96,65,3.8200000000000003,68,4.1400000000000006,71,4.54,74,5.0199999999999996,77,7.1999999999999993,80,7.8399999999999999,83,8.5600000000000005,86,9.3599999999999994,89,10.24,92,12.82,95,13.860000000000001,98,14.98,101,16.18,104,19.080000000000002,107,20.439999999999998,110,21.879999999999999,113,23.399999999999999,116,25,44,0.58000000000000007,59.678254567085155,0.76175672976196229,71.466742725589896,6.7375111946606783,86,9.3599999999999994,9.4000000000000021,39.899999999999999,1.7710195454553719,2.8638372603929447,0.58855044839543313,4.1877509441669725,2.4231878026038181,0,1.7954059181543414,0,0,2.4231878026038181,0,1.7954059181543414,1.7954059181543414,0,2.3632437349185835,0,0,1.7954059181543414,0,2.3632437349185835,4,78,0,1,15,82
derivative,42,27,2,16,42,1.0800000000000001,45,0.76000000000000001,48,0.52000000000000002,51,0.35999999999999999,54,1.8999999999999999,57,1.8999999999999999,60,1.98,63,2.1400000000000001,66,4,69,4.3200000000000003,72,4.7199999999999998,75,5.2000000000000002,78,5.7599999999999998,81,8.0199999999999996,84,8.7400000000000002,87,9.5399999999999991,90,10.42,93,13,96,14.040000000000001,99,15.16,102,16.359999999999999,105,17.640000000000001,108,20.620000000000001,111,22.059999999999999,114,23.579999999999998,117,25.18,120,28.48,48,0.52000000000000002,63.527368972516989,1.6238215104194338,75.549532587431273,7.44138782275878,90,10.42,9.8000000000000007,40.800000000000004,1.7598751890047184,2.8795868149896684,0.58980433326349446,4.2073328684715667,2.4183415182368035,0,1.8025623734454583,0,0,2.4183415182368035,0,1.8025623734454583,1.8025623734454583,0,2.3741152041308302,0,0,1.8025623734454583,0,2.3741152041308302,4,78,0,2,16,82
derivative,43,28,3,17,43,1.26,46,0.93999999999999995,49,0.70000000000000007,52,0.54000000000000004,55,2.0800000000000001,58,2.0800000000000001,61,2.1600000000000001,64,2.3199999999999998,67,2.5600000000000001,70,4.5,73,4.9000000000000004,76,5.3799999999999999,79,5.9399999999999995,82,8.1999999999999993,85,8.9199999999999999,88,9.7200000000000006,91,10.6,94,11.56,97,14.220000000000001,100,15.34,103,16.539999999999999,106,17.82,109,20.800000000000001,112,22.240000000000002,115,23.759999999999998,118,25.359999999999999,121,27.039999999999999,124,30.420000000000002,52,0.54000000000000004,67.678914712522968,2.1521284253989119,79.277170779050891,8.6861622745734159,94,11.56,10.199999999999999,41.700000000000003,1.7736312811500508,2.8492899910585212,0.57843218986967582,4.1914352528925534,2.4211702805361335,0,1.7878435588939368,0,0,2.4211702805361335,0,1.7878435588939368,1.7878435588939368,0,2.3639710219031165,0,0,1.7878435588939368,0,2.3639710219031165,4,78,0,3,17,82
derivative,44,29,4,18,11,23,11,23,11,23,11,23,11,23,11,23,11,23,11,23,11,23,11,23,11,23,11,23,11,23,11,23,11,23,11,23,11,23,11,23,11,23,11,23,11,23,11,23,11,23,11,23,11,23,11,23,11,23,11,23,11,23,11,23,1.25,-0.29999999999999999,-0.69999999999999996,2,11,23,10.600000000000001,42.600000000000001,0,0,0,0,1.0000000000000001e-005,0,0,0,0,1.0000000000000001e-005,0,0,0,0,1.0000000000000001e-005,0,0,0,0,1.0000000000000001e-005,4,78,0,4,18,82
derivative,45,30,0,14,45,0,48,1.3,51,1.0599999999999998,54,0.90000000000000002,57,0.82000000000000006,60,2.4399999999999999,63,2.52,66,2.6799999999999997,69,2.9199999999999999,72,3.2400000000000002,75,5.2599999999999998,78,5.7400000000000002,81,6.2999999999999998,84,6.9399999999999995,87,9.2799999999999994,90,10.08,93,10.960000000000001,96,11.92,99,12.960000000000001,102,15.699999999999999,105,16.899999999999999,108,18.18,111,19.539999999999999,114,22.600000000000001,117,24.119999999999997,120,25.719999999999999,123,27.399999999999999,126,29.16,129,32.619999999999997,132,34.539999999999999,45,0,60.157375072671108,2.0874564570476593,73.611354935145954,3.9226779344012463,87,9.2799999999999994,11,43.5,1.7845148911947426,2.9184202819612683,0.59137717739459594,4.2829131771344695,2.4516753708104799,0,1.8269838211667788,0,0,2.4516753708104799,0,1.8269838211667788,1.8269838211667788,0,2.4155333885215962,0,0,1.8269838211667788,0,2.4155333885215962,4,78,0,0,14,82
derivative,46,8,1,2,46,0.17999999999999999,49,1.48,52,1.24,55,1.0800000000000001,58,1,61,1,64,2.7000000000000002,67,2.8599999999999999,49,1.48,53.25,0.93999999999999995,48.299999999999997,3.48,52,1.24,11.400000000000002,44.399999999999999,1000,1001,1002,1003,1004,1005,1006,1007,1008,1009,1010,1011,1012,1013,1014,1015,1016,1017,1018,1019,77,78,79,80,81,82
derivative,47,9,2,0,47,0.35999999999999999,50,0.040000000000000001,53,1.4199999999999999,56,1.2599999999999998,59,1.1800000000000002,62,1.1799999999999999,65,2.8799999999999999,68,3.04,71,3.2800000000000002,53,1.4199999999999999,65.975910646493816,-0.82031305161408463,93.603205895069294,12.944999234548401,47,0.35999999999999999,11.800000000000001,45.300000000000004,1.5826456566452185,1.0263637328732957,0.66149089099799563,0.6160236721452772,1.6970963224213613,0,0.76773961166933624,0,0,1.6970963224213613,0,0.76773961166933624,0.76773961166933624,0,0.42329222781538473,0,0,0.76773961166933624,0,0.42329222781538473,4,78,0,2,0,82
derivative,48,10,3,7,48,0.54000000000000004,51,0.22,54,1.5999999999999999,57,1.4399999999999999,60,1.3599999999999999,63,1.3599999999999999,66,1.4399999999999999,69,3.2199999999999998,72,3.46,75,3.7800000000000002,57,1.4399999999999999,62.617924588127039,0.30265149404876118,64.667924588127036,3.1959848273820946,69,3.2199999999999993,12.200000000000003,46.200000000000003,-55.931437624661257,50.118579586516866,1002,1003,1.0891650434210214,0,1006,1007,0,1.0891650434210214,1010,1011,1012,1013,1014,1015,1016,1017,1018,1019,2,78,0,3,7,82
derivative,49,11,4,5,49,0.71999999999999997,52,0.39999999999999997,55,0.16,58,1.6200000000000001,61,1.54,64,1.54,67,1.6199999999999999,70,3.3999999999999999,73,3.6400000000000001,76,3.96,79,4.3600000000000003,61,1.54,65.25,1.24,60.299999999999997,3.54,64,1.54,12.600000000000001,47.100000000000001,1000,1001,1002,1003,1004,1005,1006,1007,1008,1009,1010,1011,1012,1013,1014,1015,1016,1017,1018,1019,77,78,79,80,81,82
derivative,50,12,0,11,50,0.89999999999999991,53,0.58000000000000007,56,0.33999999999999997,59,1.7999999999999998,62,1.7200000000000002,65,1.72,68,1.7999999999999998,71,1.96,74,3.8200000000000003,77,4.1400000000000006,80,4.54,83,5.0199999999999996,50,0.89999999999999991,62.464217038663165,0.0016080743692465926,71.211420535963484,4.9898147775019961,83,5.0199999999999996,13,48,1.3699440232488931,2.2570574476206176,0.45854558179016641,3.3038148059941923,1.8874689742475026,0,1.4116505860281772,0,0,1.8874689742475026,0,1.4116505860281772,1.4116505860281772,0,1.8636948890490981,0,0,1.4116505860281772,0,1.8636948890490981,4,78,0,0,11,82
derivative,51,13,1,10,51,1.0800000000000001,54,0.76000000000000001,57,0.52000000000000002,60,0.35999999999999999,63,1.8999999999999999,66,1.8999999999999999,69,1.98,72,2.1400000000000001,75,4,78,4.3200000000000003,81,4.7199999999999998,84,5.2000000000000002,87,5.7599999999999998,54,0.76000000000000001,64.536045903118719,-0.10751351437809994,71.219295571151932,5.1562283632869512,81,4.7199999999999998,13.400000000000002,48.899999999999999,1.1148689455630167,1.8470399700461713,0.37717051502044568,2.6948331222904383,1.5393986492599721,0,1.1544302072769379,0,0,1.5393986492599721,0,1.1544302072769379,1.1544302072769379,0,1.5206226545203922,0,0,1.1544302072769379,0,1.5206226545203922,4,78,0,1,10,82
derivative,52,14,2,9,52,1.26,55,0.93999999999999995,58,0.70000000000000007,61,0.54000000000000004,64,2.0800000000000001,67,2.0800000000000001,70,2.1600000000000001,73,2.3199999999999998,76,2.5600000000000001,79,4.5,82,4.9000000000000004,85,5.3799999999999999,88,5.9399999999999995,91,8.1999999999999993,58,0.70000000000000007,65.824480496573472,2.6554838674897208,72.171102068487926,2.4560873795835345,79,4.5,13.800000000000001,49.800000000000004,0.86392071351467281,1.4967284780048846,0.29754116966042304,2.1893493955903436,1.2131871692693306,0,0.93037036923151628,0,0,1.2131871692693306,0,0.93037036923151628,0.93037036923151628,0,1.2342448140536948,0,0,0.93037036923151628,0,1.2342448140536948,4,78,0,2,9,82
derivative,53,15,3,8,53,1.4399999999999999,56,1.1200000000000001,59,0.88,62,0.71999999999999997,65,0.64000000000000001,68,2.2599999999999998,71,2.3399999999999999,74,2.5,77,2.7400000000000002,80,4.6799999999999997,83,5.0800000000000001,86,5.5599999999999996,89,6.1200000000000001,92,6.7599999999999998,95,9.0999999999999996,62,0.71999999999999997,68.2398700854759,0.80295232726772259,70.942826176826628,5.1944224221100885,77,2.7400000000000002,14.200000000000003,50.700000000000003,0.5776433248962598,1.0318835373929809,0.1906772045871204,1.5418744115765053,0.82110177384439398,0,0.63911656429642227,0,0,0.82110177384439398,0,0.63911656429642227,0.63911656429642227,0,0.86684663465693756,0,0,0.63911656429642227,0,0.86684663465693756,4,78,0,3,8,82
derivative,54,16,4,7,54,0,57,1.3,60,1.0599999999999998,63,0.90000000000000002,66,0.82000000000000006,69,2.4399999999999999,72,2.52,75,2.6799999999999997,78,2.9199999999999999,81,3.2400000000000002,84,5.2599999999999998,87,5.7400000000000002,90,6.2999999999999998,93,6.9399999999999995,96,9.2799999999999994,99,10.08,66,0.82000000000000006,69.5,0.98499999999999988,72.049999999999997,4.2149999999999999,75,2.6799999999999997,14.600000000000001,51.600000000000001,1000,1001,1002,1003,1004,1005,1006,1007,1008,1009,1010,1011,1012,1013,1014,1015,1016,1017,1018,1019,0,78,0,4,7,82
derivative,55,17,0,1,11,23,11,23,11,23,11,23,11,23,11,23,11,23,11,23,11,23,11,23,11,23,11,23,11,23,11,23,11,23,11,23,11,23,11,23,12.25,22.699999999999999,10.300000000000001,25,11,23,15,52.5,1000,1001,1002,1003,1004,1005,1006,1007,1008,1009,1010,1011,1012,1013,1014,1015,1016,1017,1018,1019,77,78,79,80,81,82
derivative,56,18,1,19,56,0.35999999999999999,59,0.040000000000000001,62,1.4199999999999999,65,1.2599999999999998,68,1.1800000000000002,71,1.1799999999999999,74,2.8799999999999999,77,3.04,80,3.2800000000000002,83,3.6000000000000001,86,4,89,6.0999999999999996,92,6.6600000000000001,95,7.2999999999999998,98,8.0199999999999996,101,10.44,104,11.32,107,12.280000000000001,59,0.040000000000000001,91.724718430760063,0.68213353117871445,150.7169312345705,32.587260619135463,59,0.040000000000000001,15.400000000000002,53.399999999999999,3.9850205109171459,2.805114314051369,1.7068608120693214,1.8317998920736498,4.3394221311251933,0,2.0534787980297713,0,0,4.3394221311251933,0,2.0534787980297713,2.0534787980297713,0,1.2242376383474858,0,0,2.0534787980297713,0,1.2242376383474858,4,78,0,1,19,82
derivative,57,19,2,0,57,0.54000000000000004,60,0.22,63,1.5999999999999999,66,1.4399999999999999,69,1.3599999999999999,72,1.3599999999999999,75,1.4399999999999999,78,3.2199999999999998,81,3.46,84,3.7800000000000002,87,4.1799999999999997,90,6.2799999999999994,93,6.8399999999999999,96,7.4799999999999995,99,8.1999999999999993,102,9,105,11.5,108,12.460000000000001,111,13.5,63,1.5999999999999999,92.884334708968495,-2.3197378238577784,162.79096327063939,40.259458804476466,57,0.54000000000000004,15.800000000000001,54.300000000000004,3.9625640956391877,2.7821707265304467,1.7050138919855575,1.7855412778463433,4.312798120920756,0,2.0379833840250936,0,0,4.312798120920756,0,2.0379833840250936,2.0379833840250936,0,1.1988607411149776,0,0,2.0379833840250936,0,1.1988607411149776,4,78,0,2,0,82
derivative,58,20,3,19,58,0.71999999999999997,61,0.39999999999999997,64,0.16,67,1.6200000000000001,70,1.54,73,1.54,76,1.6199999999999999,79,3.3999999999999999,82,3.6400000000000001,85,3.96,88,4.3600000000000003,91,4.8399999999999999,94,7.0199999999999996,97,7.6600000000000001,100,8.379999999999999,103,9.1799999999999997,106,11.68,109,12.640000000000001,112,13.680000000000001,115,14.799999999999999,67,1.6200000000000001,85.295527648294524,1.1275558970463198,98.782730065779546,10.351252140639181,115,14.799999999999999,16.200000000000003,55.200000000000003,2.0282256056804413,3.2664433073751606,0.68151691536892156,4.7499024578801006,2.7713389665554624,0,2.0489352742298661,0,0,2.7713389665554624,0,2.0489352742298661,2.0489352742298661,0,2.6823850325959362,0,0,2.0489352742298661,0,2.6823850325959362,4,78,0,3,19,82
derivative,59,21,4,19,59,0.89999999999999991,62,0.58000000000000007,65,0.33999999999999997,68,1.7999999999999998,71,1.7200000000000002,74,1.72,77,1.7999999999999998,80,1.96,83,3.8200000000000003,86,4.1400000000000006,89,4.54,92,5.0199999999999996,95,7.1999999999999993,98,7.8399999999999999,101,8.5600000000000005,104,9.3599999999999994,107,10.24,110,12.82,113,13.860000000000001,116,14.98,119,16.18,71,1.7200000000000002,88.104084765366736,1.9681232413369678,100.9532459950595,10.546232404050802,116,14.98,16.600000000000001,56.100000000000001,1.8862046856460637,3.0794232835204407,0.63248938506895802,4.4950768435038171,2.5901897322587293,0,1.9282612828314436,0,0,2.5901897322587293,0,1.9282612828314436,1.9282612828314436,0,2.536873076500668,0,0,1.9282612828314436,0,2.536873076500668,4,78,0,4,19,82
derivative,60,22,0,14,60,1.0800000000000001,63,0.76000000000000001,66,0.52000000000000002,69,0.35999999999999999,72,1.8999999999999999,75,1.8999999999999999,78,1.98,81,2.1400000000000001,84,4,87,4.3200000000000003,90,4.7199999999999998,93,5.2000000000000002,96,5.7599999999999998,99,8.0199999999999996,102,8.7400000000000002,105,9.5399999999999991,108,10.42,111,13,114,14.040000000000001,117,15.16,120,16.359999999999999,123,17.640000000000001,60,1.0800000000000001,75.598915891436874,-0.16897066622656853,87.995158158737652,5.7021177362405204,102,8.7400000000000002,17,57,1.7540507051249854,2.8906748074235145,0.57961259217147254,4.2531189567541317,2.4168438718308014,0,1.8078637947797145,0,0,2.4168438718308014,0,1.8078637947797145,1.8078637947797145,0,2.3977860687713872,0,0,1.8078637947797145,0,2.3977860687713872,4,78,0,0,14,82
derivative,61,23,1,14,61,1.26,64,0.93999999999999995,67,0.70000000000000007,70,0.54000000000000004,73,2.0800000000000001,76,2.0800000000000001,79,2.1600000000000001,82,2.3199999999999998,85,2.5600000000000001,88,4.5,91,4.9000000000000004,94,5.3799999999999999,97,5.9399999999999995,100,8.1999999999999993,103,8.9199999999999999,106,9.7200000000000006,109,10.6,112,11.56,115,14.220000000000001,118,15.34,121,16.539999999999999,124,17.82,127,20.800000000000001,64,0.93999999999999995,78.539097404874681,0.85359928490365244,90.096537034241067,5.4835052832649591,103,8.9199999999999999,17.400000000000002,57.899999999999999,1.6457047339679765,2.6891345544041041,0.55212846853536379,3.9252637430515169,2.2606699870327138,0,1.6836778112498076,0,0,2.2606699870327138,0,1.6836778112498076,1.6836778112498076,0,2.2152283782660613,0,0,1.6836778112498076,0,2.2152283782660613,4,78,0,1,14,82
derivative,62,24,2,14,62,1.4399999999999999,65,1.1200000000000001,68,0.88,71,0.71999999999999997,74,0.64000000000000001,77,2.2599999999999998,80,2.3399999999999999,83,2.5,86,2.7400000000000002,89,4.6799999999999997,92,5.0800000000000001,95,5.5599999999999996,98,6.1200000000000001,101,6.7599999999999998,104,9.0999999999999996,107,9.9000000000000004,110,10.780000000000001,113,11.74,116,14.4,119,15.52,122,16.719999999999999,125,18,128,19.359999999999999,131,22.420000000000002,68,0.88,81.383735949520414,1.4275653493530893,92.245870408744594,5.7380087337078294,104,9.0999999999999996,17.800000000000001,58.800000000000004,1.5064845041390984,2.4899116693199299,0.48835539654259819,3.6919685277389385,2.0782356384956824,0,1.5567069560878131,0,0,2.0782356384956824,0,1.5567069560878131,1.5567069560878131,0,2.0795376873699793,0,0,1.5567069560878131,0,2.0795376873699793,4,78,0,2,14,82
derivative,63,25,3,14,63,0,66,1.3,69,1.0599999999999998,72,0.90000000000000002,75,0.82000000000000006,78,2.4399999999999999,81,2.52,84,2.6799999999999997,87,2.9199999999999999,90,3.2400000000000002,93,5.2599999999999998,96,5.7400000000000002,99,6.2999999999999998,102,6.9399999999999995,105,9.2799999999999994,108,10.08,111,10.960000000000001,114,11.92,117,12.960000000000001,120,15.699999999999999,123,16.899999999999999,126,18.18,129,19.539999999999999,132,22.600000000000001,135,24.119999999999997,72,0.90000000000000002,84.235111871417359,2.6544850070619628,94.438294653341501,5.2965611290031784,105,9.2799999999999994,18.200000000000003,59.700000000000003,1.407800256084575,2.291071777695568,0.46354896588315408,3.365431366189882,1.9313250759043425,0,1.4352626950835068,0,0,1.9313250759043425,0,1.4352626950835068,1.4352626950835068,0,1.8980480529687567,0,0,1.4352626950835068,0,1.8980480529687567,4,78,0,3,14,82
derivative,64,26,4,14,64,0.17999999999999999,67,1.48,70,1.24,73,1.0800000000000001,76,1,79,1,82,2.7000000000000002,85,2.8599999999999999,88,3.1000000000000001,91,3.4200000000000004,94,5.4399999999999995,97,5.9199999999999999,100,6.4799999999999995,103,7.1200000000000001,106,7.8399999999999999,109,10.26,112,11.140000000000001,115,12.100000000000001,118,13.140000000000001,121,15.879999999999999,124,17.079999999999998,127,18.359999999999999,130,19.719999999999999,133,21.16,136,24.300000000000001,139,25.899999999999999,76,1,87.413677115934107,2.0260209983971826,94.948443887621281,7.782926181962762,106,7.8399999999999999,18.600000000000001,60.600000000000001,1.2403301722230606,2.0353763536297538,0.39905102635009426,3.0212652498135624,1.7069544992862535,0,1.2737531119177998,0,0,1.7069544992862535,0,1.2737531119177998,1.2737531119177998,0,1.7017634209562718,0,0,1.2737531119177998,0,1.7017634209562718,4,78,0,4,14,82
derivative,65,27,0,9,65,0.35999999999999999,68,0.040000000000000001,71,1.4199999999999999,74,1.2599999999999998,77,1.1800000000000002,80,1.1799999999999999,83,2.8799999999999999,86,3.04,89,3.2800000000000002,92,3.6000000000000001,95,4,98,6.0999999999999996,101,6.6600000000000001,104,7.2999999999999998,107,8.0199999999999996,110,10.44,113,11.32,116,12.280000000000001,119,13.32,122,14.44,125,17.260000000000002,128,18.539999999999999,131,19.899999999999999,134,21.34,137,24.48,140,26.079999999999998,143,27.759999999999998,65,0.35999999999999999,75.349992266531999,0.23468552377952384,82.031639510205025,4.6663226617615514,92,3.6000000000000001,19,61.5,1.1179872672593438,1.8387977356310503,0.36666130559095961,2.7109744450409794,1.5397935959600124,0,1.1503717540647642,0,0,1.5397935959600124,0,1.1503717540647642,1.1503717540647642,0,1.528079648856822,0,0,1.1503717540647642,0,1.528079648856822,4,78,0,0,9,82
derivative,66,28,1,9,11,23,11,23,11,23,11,23,11,23,11,23,11,23,11,23,11,23,11,23,11,23,11,23,11,23,11,23,11,23,11,23,11,23,11,23,11,23,11,23,11,23,11,23,11,23,11,23,11,23,11,23,11,23,11,23,11,23,1.25,-0.29999999999999999,-0.69999999999999996,2,11,23,19.400000000000002,62.399999999999999,0,0,0,0,1.0000000000000001e-005,0,0,0,0,1.0000000000000001e-005,0,0,0,0,1.0000000000000001e-005,0,0,0,0,1.0000000000000001e-005,4,78,0,1,9,82
derivative,67,29,2,9,67,0.71999999999999997,70,0.39999999999999997,73,0.16,76,1.6200000000000001,79,1.54,82,1.54,85,1.6199999999999999,88,3.3999999999999999,91,3.6400000000000001,94,3.96,97,4.3600000000000003,100,4.8399999999999999,103,7.0199999999999996,106,7.6600000000000001,109,8.379999999999999,112,9.1799999999999997,115,11.68,118,12.640000000000001,121,13.680000000000001,124,14.799999999999999,127,16,130,18.900000000000002,133,20.259999999999998,136,21.699999999999999,139,23.219999999999999,142,26.440000000000001,145,28.119999999999997,148,29.879999999999999,151,31.719999999999999,73,0.16,81.148579848529494,1.7579973546175294,86.237487421359248,4.2365423498226749,94,3.96,19.800000000000001,63.300000000000004,0.89293731427649181,1.4358934915937944,0.29801729996468129,2.0910506988130257,1.2201955143343106,0,0.90099515292058974,0,0,1.2201955143343106,0,0.90099515292058974,0.90099515292058974,0,1.1807069877680993,0,0,0.90099515292058974,0,1.1807069877680993,4,78,0,2,9,82
derivative,68,30,3,9,68,0.89999999999999991,71,0.58000000000000007,74,0.33999999999999997,77,1.7999999999999998,80,1.7200000000000002,83,1.72,86,1.7999999999999998,89,1.96,92,3.8200000000000003,95,4.1400000000000006,98,4.54,101,5.0199999999999996,104,7.1999999999999993,107,7.8399999999999999,110,8.5600000000000005,113,9.3599999999999994,116,10.24,119,12.82,122,13.860000000000001,125,14.98,128,16.18,131,19.080000000000002,134,20.439999999999998,137,21.879999999999999,140,23.399999999999999,143,25,146,28.300000000000001,149,30.059999999999999,152,31.899999999999999,155,33.82,77,1.7999999999999998,84.608419595836878,0.70311513220429656,88.56612045565943,4.1678770217537906,95,4.1400000000000006,20.200000000000003,64.200000000000003,0.76965175146666687,1.2324406649427961,0.27221257899061757,1.7484934741951306,1.0503856981610971,0,0.77378671834688406,0,0,1.0503856981610971,0,0.77378671834688406,0.77378671834688406,0,0.99034642361981473,0,0,0.77378671834688406,0,0.99034642361981473,4,78,0,3,9,82
derivative,69,8,4,2,69,1.0800000000000001,72,0.76000000000000001,75,0.52000000000000002,78,0.35999999999999999,81,1.8999999999999999,84,1.8999999999999999,87,1.98,90,2.1400000000000001,81,1.8999999999999999,108.13208966931944,2.0547682758537076,53.316949454051205,3.7208233405730935,75,0.52000000000000002,20.600000000000001,65.099999999999994,0.70476752778263807,0.25359712926995076,0.021636472890753822,0.69095588054386692,0.69492759667988502,0,0.23105975181971655,0,0,0.69492759667988502,0,0.23105975181971655,0.23105975181971655,0,0.38016411127829669,0,0,0.23105975181971655,0,0.38016411127829669,4,78,0,4,2,82
derivative,70,9,0,0,70,1.26,73,0.93999999999999995,76,0.70000000000000007,79,0.54000000000000004,82,2.0800000000000001,85,2.0800000000000001,88,2.1600000000000001,91,2.3199999999999998,94,2.5600000000000001,70,1.26,74.25,0.6399999999999999,93.299999999999997,4.5600000000000005,70,1.26,21,66,1000,1001,1002,1003,1004,1005,1006,1007,1008,1009,1010,1011,1012,1013,1014,1015,1016,1017,1018,1019,77,78,79,80,81,82
derivative,71,10,1,6,71,1.4399999999999999,74,1.1200000000000001,77,0.88,80,0.71999999999999997,83,0.64000000000000001,86,2.2599999999999998,89,2.3399999999999999,92,2.5,95,2.7400000000000002,98,4.6799999999999997,74,1.1200000000000001,80.605361768553166,-0.59533701331859701,83.307862396341847,3.5588362200012513,89,2.3399999999999999,21.400000000000002,66.900000000000006,0.63457709107831917,1.0181880449360297,0.22245130643151803,1.4504174016754614,0.86684663465693768,0,0.63911656429642227,0,0,0.86684663465693768,0,0.63911656429642227,0.63911656429642227,0,0.82110177384439398,0,0,0.63911656429642227,0,0.82110177384439398,4,78,0,1,6,82
derivative,72,11,2,2,72,0,75,1.3,78,1.0599999999999998,81,0.90000000000000002,84,0.82000000000000006,87,2.4399999999999999,90,2.52,93,2.6799999999999997,96,2.9199999999999999,99,3.2400000000000002,102,5.2599999999999998,78,1.0599999999999998,82.25,0.60000000000000009,74.299999999999997,3.2999999999999998,78,1.0599999999999998,21.800000000000001,67.799999999999997,1000,1001,1002,1003,1004,1005,1006,1007,1008,1009,1010,1011,1012,1013,1014,1015,1016,1017,1018,1019,77,78,79,80,81,82
derivative,73,12,3,11,73,0.17999999999999999,76,1.48,79,1.24,82,1.0800000000000001,85,1,88,1,91,2.7000000000000002,94,2.8599999999999999,97,3.1000000000000001,100,3.4200000000000004,103,5.4399999999999995,106,5.9199999999999999,82,1.0800000000000001,91.476389447791348,0.97796452098684217,97.569839140210846,5.3551543163538344,106,5.9199999999999999,22.200000000000003,68.700000000000003,0.98713947913137878,1.6601787767665308,0.34043429853629564,2.4101317990695619,1.3712025978517668,0,1.0357810577062403,0,0,1.3712025978517668,0,1.0357810577062403,1.0357810577062403,0,1.3604766097338807,0,0,1.0357810577062403,0,1.3604766097338807,4,78,0,3,11,82
derivative,74,13,4,8,74,0.35999999999999999,77,0.040000000000000001,80,1.4199999999999999,83,1.2599999999999998,86,1.1800000000000002,89,1.1799999999999999,92,2.8799999999999999,95,3.04,98,3.2800000000000002,101,3.6000000000000001,104,4,107,6.0999999999999996,110,6.6600000000000001,86,1.1800000000000002,91.11845974133756,1.8627452081757407,93.168459741337557,4.8627452081757401,98,3.2799999999999994,22.600000000000001,69.600000000000009,-71.591068318122296,69.254542887087752,1002,1003,1.0344962701970717,0,1006,1007,0,1.0344962701970717,1010,1011,1012,1013,1014,1015,1016,1017,1018,1019,2,78,0,4,8,82
derivative,75,14,0,0,75,0.54000000000000004,78,0.22,81,1.5999999999999999,84,1.4399999999999999,87,1.3599999999999999,90,1.3599999999999999,93,1.4399999999999999,96,3.2199999999999998,99,3.46,102,3.7800000000000002,105,4.1799999999999997,108,6.2799999999999994,111,6.8399999999999999,114,7.4799999999999995,75,0.54000000000000004,79.25,-0.079999999999999988,113.3,9.4800000000000004,75,0.54000000000000004,23,70.5,1000,1001,1002,1003,1004,1005,1006,1007,1008,1009,1010,1011,1012,1013,1014,1015,1016,1017,1018,1019,77,78,79,80,81,82
derivative,76,15,1,13,76,0.71999999999999997,79,0.39999999999999997,82,0.16,85,1.6200000000000001,88,1.54,91,1.54,94,1.6199999999999999,97,3.3999999999999999,100,3.6400000000000001,103,3.96,106,4.3600000000000003,109,4.8399999999999999,112,7.0199999999999996,115,7.6600000000000001,118,8.379999999999999,79,0.39999999999999997,92.222407308623318,1.5373602048589687,102.95062538054208,4.8446820941185109,115,7.6600000000000001,23.400000000000002,71.400000000000006,1.505546259521978,2.4921891172450925,0.50038489737119118,3.6607662822212572,2.0783023670090848,0,1.5578567872759581,0,0,2.0783023670090848,0,1.5578567872759581,1.5578567872759581,0,2.0641001060229627,0,0,1.5578567872759581,0,2.0641001060229627,4,78,0,1,13,82
derivative,77,16,2,11,11,23,11,23,11,23,11,23,11,23,11,23,11,23,11,23,11,23,11,23,11,23,11,23,11,23,11,23,11,23,11,23,11,23,1.25,-0.29999999999999999,-0.69999999999999996,2,11,23,23.800000000000001,72.299999999999997,0,0,0,0,1.0000000000000001e-005,0,0,0,0,1.0000000000000001e-005,0,0,0,0,1.0000000000000001e-005,0,0,0,0,1.0000000000000001e-005,4,78,0,2,11,82
derivative,78,17,3,9,78,1.0800000000000001,81,0.76000000000000001,84,0.52000000000000002,87,0.35999999999999999,90,1.8999999999999999,93,1.8999999999999999,96,1.98,99,2.1400000000000001,102,4,105,4.3200000000000003,108,4.7199999999999998,111,5.2000000000000002,114,5.7599999999999998,117,8.0199999999999996,120,8.7400000000000002,123,9.5399999999999991,126,10.42,87,0.35999999999999999,93.932388649524526,2.7469687236250091,98.660770887224729,3.4015198577875823,105,4.3200000000000003,24.200000000000003,73.200000000000003,0.77099414726608528,1.2618489729041378,0.27675899975012147,1.7881852532089342,1.0607228946171026,0,0.79006189033187035,0,0,1.0607228946171026,0,0.79006189033187035,0.79006189033187035,0,1.0126259253528254,0,0,0.79006189033187035,0,1.0126259253528254,4,78,0,3,9,82
derivative,79,18,4,7,79,1.26,82,0.93999999999999995,85,0.70000000000000007,88,0.54000000000000004,91,2.0800000000000001,94,2.0800000000000001,97,2.1600000000000001,100,2.3199999999999998,103,2.5600000000000001,106,4.5,109,4.9000000000000004,112,5.3799999999999999,115,5.9399999999999995,118,8.1999999999999993,121,8.9199999999999999,124,9.7200000000000006,127,10.6,130,11.56,91,2.0800000000000001,94.5,1.8400000000000001,97.049999999999997,4.2599999999999998,100,2.3199999999999998,24.600000000000001,74.100000000000009,1000,1001,1002,1003,1004,1005,1006,1007,1008,1009,1010,1011,1012,1013,1014,1015,1016,1017,1018,1019,0,78,0,4,7,82
derivative,80,19,0,0,80,1.4399999999999999,83,1.1200000000000001,86,0.88,89,0.71999999999999997,92,0.64000000000000001,95,2.2599999999999998,98,2.3399999999999999,101,2.5,104,2.7400000000000002,107,4.6799999999999997,110,5.0800000000000001,113,5.5599999999999996,116,6.1200000000000001,119,6.7599999999999998,122,9.0999999999999996,125,9.9000000000000004,128,10.780000000000001,131,11.74,134,14.4,80,1.4399999999999999,84.25,0.82000000000000006,133.30000000000001,16.399999999999999,80,1.4399999999999999,25,75,1000,1001,1002,1003,1004,1005,1006,1007,1008,1009,1010,1011,1012,1013,1014,1015,1016,1017,1018,1019,77,78,79,80,81,82
derivative,81,20,1,19,81,0,84,1.3,87,1.0599999999999998,90,0.90000000000000002,93,0.82000000000000006,96,2.4399999999999999,99,2.52,102,2.6799999999999997,105,2.9199999999999999,108,3.2400000000000002,111,5.2599999999999998,114,5.7400000000000002,117,6.2999999999999998,120,6.9399999999999995,123,9.2799999999999994,126,10.08,129,10.960000000000001,132,11.92,135,12.960000000000001,138,15.699999999999999,84,1.3,104.07977510316465,0.52377897213321312,121.01293987288743,8.450826337580807,138,15.699999999999999,25.399999999999999,75.900000000000006,2.3031863552941974,3.7139357941473183,0.76008252167773527,5.4412704998257029,3.1485918735378262,0,2.3292634158940539,0,0,3.1485918735378262,0,2.3292634158940539,2.3292634158940539,0,3.0700992705603323,0,0,2.3292634158940539,0,3.0700992705603323,4,78,0,1,19,82
derivative,82,21,2,18,82,0.17999999999999999,85,1.48,88,1.24,91,1.0800000000000001,94,1,97,1,100,2.7000000000000002,103,2.8599999999999999,106,3.1000000000000001,109,3.4200000000000004,112,5.4399999999999995,115,5.9199999999999999,118,6.4799999999999995,121,7.1200000000000001,124,7.8399999999999999,127,10.26,130,11.140000000000001,133,12.100000000000001,136,13.140000000000001,139,15.879999999999999,142,17.079999999999998,88,1.24,106.05891407978807,0.526241802186598,119.69136715534009,9.2915699880668416,136,13.140000000000001,25.800000000000004,76.799999999999997,2.0082992229940704,3.2777432069688688,0.67196780088120622,4.7878070667292807,2.7577491331069295,0,2.0525407358684973,0,0,2.7577491331069295,0,2.0525407358684973,2.0525407358684973,0,2.7018675594447967,0,0,2.0525407358684973,0,2.7018675594447967,4,78,0,2,18,82
derivative,83,22,3,17,83,0.35999999999999999,86,0.040000000000000001,89,1.4199999999999999,92,1.2599999999999998,95,1.1800000000000002,98,1.1799999999999999,101,2.8799999999999999,104,3.04,107,3.2800000000000002,110,3.6000000000000001,113,4,116,6.0999999999999996,119,6.6600000000000001,122,7.2999999999999998,125,8.0199999999999996,128,10.44,131,11.32,134,12.280000000000001,137,13.32,140,14.44,143,17.260000000000002,146,18.539999999999999,92,1.2599999999999998,107.86226570935361,1.6339837222667621,119.89995019645073,8.4150928023208351,134,12.280000000000001,26.200000000000003,77.700000000000003,1.7757017762988241,2.8762466957685633,0.59885658526744445,4.1801142084937437,2.4319173388803317,0,1.802928788553553,0,0,2.4319173388803317,0,1.802928788553553,1.802928788553553,0,2.3605705734579279,0,0,1.802928788553553,0,2.3605705734579279,4,78,0,3,17,82
derivative,84,23,4,16,84,0.54000000000000004,87,0.22,90,1.5999999999999999,93,1.4399999999999999,96,1.3599999999999999,99,1.3599999999999999,102,1.4399999999999999,105,3.2199999999999998,108,3.46,111,3.7800000000000002,114,4.1799999999999997,117,6.2799999999999994,120,6.8399999999999999,123,7.4799999999999995,126,8.1999999999999993,129,9,132,11.5,135,12.460000000000001,138,13.5,141,14.619999999999999,144,17.440000000000001,147,18.719999999999999,150,20.079999999999998,96,1.3599999999999999,109.47900734502335,2.5655118558379928,120.34078472107387,7.5897526232932604,132,11.5,26.600000000000001,78.600000000000009,1.5085696265710016,2.4892405464834462,0.48893413213995779,3.6886491867292768,2.080349263380068,0,1.5566998178672902,0,0,2.080349263380068,0,1.5566998178672902,1.5566998178672902,0,2.0778954635709641,0,0,1.5566998178672902,0,2.0778954635709641,4,78,0,4,16,82
derivative,85,24,0,10,85,0.71999999999999997,88,0.39999999999999997,91,0.16,94,1.6200000000000001,97,1.54,100,1.54,103,1.6199999999999999,106,3.3999999999999999,109,3.6400000000000001,112,3.96,115,4.3600000000000003,118,4.8399999999999999,121,7.0199999999999996,124,7.6600000000000001,127,8.379999999999999,130,9.1799999999999997,133,11.68,136,12.640000000000001,139,13.680000000000001,142,14.799999999999999,145,16,148,18.900000000000002,151,20.259999999999998,154,21.699999999999999,85,0.71999999999999997,96.534112477148682,-0.5241010938170606,104.02120558449302,5.3141900286643704,115,4.3600000000000003,27,79.5,1.2369900767316502,2.0407580706961612,0.40748096527300176,3.0048764801534107,1.7058261703207132,0,1.2762492198852498,0,0,1.7058261703207132,0,1.2762492198852498,1.2762492198852498,0,1.6939187649597796,0,0,1.2762492198852498,0,1.6939187649597796,4,78,0,0,10,82
derivative,86,25,1,9,86,0.89999999999999991,89,0.58000000000000007,92,0.33999999999999997,95,1.7999999999999998,98,1.7200000000000002,101,1.72,104,1.7999999999999998,107,1.96,110,3.8200000000000003,113,4.1400000000000006,116,4.54,119,5.0199999999999996,122,7.1999999999999993,125,7.8399999999999999,128,8.5600000000000005,131,9.3599999999999994,134,10.24,137,12.82,140,13.860000000000001,143,14.98,146,16.18,149,19.080000000000002,152,20.439999999999998,155,21.879999999999999,158,23.399999999999999,89,0.58000000000000007,98.057309996530108,1.7589735740593297,104.76541070915351,2.986176692913745,113,4.1400000000000006,27.399999999999999,80.400000000000006,0.99798318126507846,1.6814047160879961,0.35096933349045339,2.4223029682941308,1.3872810837648988,0,1.0488136103444738,0,0,1.3872810837648988,0,1.0488136103444738,1.0488136103444738,0,1.3684933874656662,0,0,1.0488136103444738,0,1.3684933874656662,4,78,0,1,9,82
derivative,87,26,2,8,87,1.0800000000000001,90,0.76000000000000001,93,0.52000000000000002,96,0.35999999999999999,99,1.8999999999999999,102,1.8999999999999999,105,1.98,108,2.1400000000000001,111,4,114,4.3200000000000003,117,4.7199999999999998,120,5.2000000000000002,123,5.7599999999999998,126,8.0199999999999996,129,8.7400000000000002,132,9.5399999999999991,135,10.42,138,13,141,14.040000000000001,144,15.16,147,16.359999999999999,150,17.640000000000001,153,20.620000000000001,156,22.059999999999999,159,23.579999999999998,162,25.18,93,0.52000000000000002,99.958227195535684,2.001284128578968,104.99543829974455,2.5930699766637071,111,4,27.800000000000004,81.299999999999997,0.73151766069187318,1.2825088068328796,0.25422689010661803,1.8722159821289233,1.0326615428962438,0,0.79617514769216169,0,0,1.0326615428962438,0,0.79617514769216169,0.79617514769216169,0,1.0555501939180525,0,0,0.79617514769216169,0,1.0555501939180525,4,78,0,2,8,82
derivative,88,27,3,7,11,23,11,23,11,23,11,23,11,23,11,23,11,23,11,23,11,23,11,23,11,23,11,23,11,23,11,23,11,23,11,23,11,23,11,23,11,23,11,23,11,23,11,23,11,23,11,23,11,23,11,23,11,23,11,23,4.916666666666667,7.366666666666668,2.9666666666666668,9.6666666666666679,11,23,28.200000000000003,82.200000000000003,0,0,1002,1003,1.0000000000000001e-005,0,1006,1007,0,1.0000000000000001e-005,1010,1011,1012,1013,1014,1015,1016,1017,1018,1019,2,78,0,3,7,82
derivative,89,28,4,6,89,1.4399999999999999,92,1.1200000000000001,95,0.88,98,0.71999999999999997,101,0.64000000000000001,104,2.2599999999999998,107,2.3399999999999999,110,2.5,113,2.7400000000000002,116,4.6799999999999997,119,5.0800000000000001,122,5.5599999999999996,125,6.1200000000000001,128,6.7599999999999998,131,9.0999999999999996,134,9.9000000000000004,137,10.780000000000001,140,11.74,143,14.4,146,15.52,149,16.719999999999999,152,18,155,19.359999999999999,158,22.420000000000002,161,23.939999999999998,164,25.539999999999999,167,27.219999999999999,170,30.600000000000001,101,0.64000000000000001,103.75,0.7649999999999999,104.8,3.915,107,2.3399999999999999,28.600000000000001,83.100000000000009,1000,1001,1002,1003,1004,1005,1006,1007,1008,1009,1010,1011,1012,1013,1014,1015,1016,1017,1018,1019,0,78,0,4,6,82
derivative,90,29,0,0,90,0,93,1.3,96,1.0599999999999998,99,0.90000000000000002,102,0.82000000000000006,105,2.4399999999999999,108,2.52,111,2.6799999999999997,114,2.9199999999999999,117,3.2400000000000002,120,5.2599999999999998,123,5.7400000000000002,126,6.2999999999999998,129,6.9399999999999995,132,9.2799999999999994,135,10.08,138,10.960000000000001,141,11.92,144,12.960000000000001,147,15.699999999999999,150,16.899999999999999,153,18.18,156,19.539999999999999,159,22.600000000000001,162,24.119999999999997,165,25.719999999999999,168,27.399999999999999,171,29.16,174,32.619999999999997,90,0,94.25,1,173.30000000000001,34.619999999999997,90,0,29,84,1000,1001,1002,1003,1004,1005,1006,1007,1008,1009,1010,1011,1012,1013,1014,1015,1016,1017,1018,1019,77,78,79,80,81,82
derivative,91,30,1,0,91,0.17999999999999999,94,1.48,97,1.24,100,1.0800000000000001,103,1,106,1,109,2.7000000000000002,112,2.8599999999999999,115,3.1000000000000001,118,3.4200000000000004,121,5.4399999999999995,124,5.9199999999999999,127,6.4799999999999995,130,7.1200000000000001,133,7.8399999999999999,136,10.26,139,11.140000000000001,142,12.100000000000001,145,13.140000000000001,148,15.879999999999999,151,17.079999999999998,154,18.359999999999999,157,19.719999999999999,160,21.16,163,24.300000000000001,166,25.899999999999999,169,27.579999999999998,172,29.34,175,32.799999999999997,178,34.719999999999999,94,1.48,147.07327173079642,-6.8614736993737928,259.03413070659991,95.498946682682998,91,0.17999999999999999,29.399999999999999,84.900000000000006,6.7286898966354336,4.8619485608320439,2.9110878381031671,3.2326850659006543,7.365287229733636,0,3.5357002501390715,0,0,7.365287229733636,0,3.5357002501390715,3.5357002501390715,0,2.1476425599380344,0,0,3.5357002501390715,0,2.1476425599380344,4,78,0,1,0,82
derivative,92,8,2,4,92,0.35999999999999999,95,0.040000000000000001,98,1.4199999999999999,101,1.2599999999999998,104,1.1800000000000002,107,1.1799999999999999,110,2.8799999999999999,113,3.04,98,1.4199999999999999,100.75,1.0599999999999998,101.8,3.2400000000000002,104,1.1800000000000002,29.800000000000004,85.799999999999997,1000,1001,1002,1003,1004,1005,1006,1007,1008,1009,1010,1011,1012,1013,1014,1015,1016,1017,1018,1019,0,78,0,2,4,82
derivative,93,9,3,6,93,0.54000000000000004,96,0.22,99,1.5999999999999999,102,1.4399999999999999,105,1.3599999999999999,108,1.3599999999999999,111,1.4399999999999999,114,3.2199999999999998,117,3.46,102,1.4399999999999999,105.5,1.1399999999999999,108.05,3.4399999999999999,111,1.4399999999999999,30.200000000000003,86.700000000000003,1000,1001,1002,1003,1004,1005,1006,1007,1008,1009,1010,1011,1012,1013,1014,1015,1016,1017,1018,1019,0,78,0,3,6,82
derivative,94,10,4,0,94,0.71999999999999997,97,0.39999999999999997,100,0.16,103,1.6200000000000001,106,1.54,109,1.54,112,1.6199999999999999,115,3.3999999999999999,118,3.6400000000000001,121,3.96,106,1.54,119.4293921162938,1.3759380931608463,144.74381186347219,14.104747882563831,94,0.71999999999999997,30.600000000000001,87.600000000000009,1.3415640223544916,0.61551997947905923,0.4794815280432308,0.2966712583269191,1.3619063620795726,0,0.51206120343239614,0,0,1.3619063620795726,0,0.51206120343239614,0.51206120343239614,0,0.22527585715714449,0,0,0.51206120343239614,0,0.22527585715714449,4,78,0,4,0,82
derivative,95,11,0,11,95,0.89999999999999991,98,0.58000000000000007,101,0.33999999999999997,104,1.7999999999999998,107,1.7200000000000002,110,1.72,113,1.7999999999999998,116,1.96,119,3.8200000000000003,122,4.1400000000000006,125,4.54,95,0.89999999999999991,111.48682750407006,-1.1227561620474025,155.8683217174092,13.974522690910257,95,0.89999999999999991,31,88.5,2.463107091815429,2.0400531271449771,1.1306506249721142,1.4598682320089935,2.7767127629458752,0,1.4365237504527513,0,0,2.7767127629458752,0,1.4365237504527513,1.4365237504527513,0,0.94554242379931808,0,0,1.4365237504527513,0,0.94554242379931808,4,78,0,0,11,82
