initial,0,8,1,0.0050000000000000001,0.29999999999999999,0.75,0,11,23,0,1000,11,23,0,1001,11,23,0,1002,11,23,0,1003,11,23,0,1004,11,23,0,1005,11,23,0,1006,11,23,0,1007,8,0,1,2,0,4,5,6,7,9,9,4,1000,5,1001,5,1002,0,1003,5,1004,5,1005,5,1006,5,1007
initial,1,9,2,0.01,0.69999999999999996,0.5,1,1,0.13,0,1000,3,1.1100000000000001,0,1001,5,1.0600000000000001,0,1002,7,1.1500000000000001,0,1003,9,1.3800000000000001,3,1004,11,1.7500000000000002,0,1005,13,3.4300000000000006,0,1006,15,4.0800000000000001,0,1007,17,4.8700000000000001,0,1008,9,0,1,2,3,4,5,6,7,8,8,0,8,7,6,5,4,3,2,8,8,5,1000,5,1001,1,5,5,1003,4,1004,5,1005,5,1006,1,2,5,1008
initial,2,10,3,0.014999999999999999,1.1000000000000001,0.5,2,2,0.26000000000000001,0,1000,4,0.070000000000000007,0,1001,6,1.1899999999999999,0,1002,8,1.2800000000000002,3,1003,10,1.5100000000000002,0,1004,12,1.8800000000000003,0,1005,14,3.5600000000000005,0,1006,16,4.21,0,1007,18,5,3,1008,20,5.9300000000000006,0,1009,10,0,1,2,3,4,5,6,7,8,9,9,0,9,8,7,6,5,4,3,2,8,2,3,4,5,6,7,8,9,8,8,5,1000,1,2,5,1002,4,1003,1,5,1,5,5,1006,1,6,4,1008,5,1009
initial,3,11,1,0.02,1.5000000000000002,0.75,3,3,0.39000000000000001,0,1000,5,0.20000000000000001,0,1001,7,1.3200000000000001,3,1002,9,1.4100000000000001,0,1003,11,1.6400000000000001,0,1004,13,2.0100000000000002,0,1005,15,2.5200000000000005,0,1006,17,4.3399999999999999,3,1007,19,5.1300000000000008,0,1008,21,6.0600000000000005,0,1009,23,7.1300000000000008,0,1010,11,0,1,2,3,4,5,6,7,8,9,10,5,5,5,1000,1,1,4,1002,1,3,1,3,1,3,1,3,4,1007,1,0,1,0,1,0
initial,4,12,2,0.0050000000000000001,1.9000000000000001,0.5,4,4,0.52000000000000002,0,1000,6,0.33000000000000002,0,1001,8,0.28000000000000003,0,1002,10,1.54,0,1003,12,1.77,0,1004,14,2.1400000000000001,0,1005,16,2.6500000000000004,0,1006,18,4.4700000000000006,0,1007,20,5.2600000000000007,0,1008,22,6.1900000000000013,0,1009,24,7.2600000000000007,0,1010,26,8.4700000000000006,0,1011,12,0,1,2,3,4,5,6,7,8,9,10,11,11,0,11,10,9,8,7,6,5,4,3,2,3,3,4,1000,1,0,1,0,1,0,1,0,1,0,1,0,5,1007,1,1,1,1,1,1,1,1
initial,5,13,3,0.01,2.2999999999999998,0.5,5,5,0.65000000000000002,3,1000,7,0.46000000000000002,0,1001,9,0.41000000000000003,0,1002,11,1.6700000000000002,0,1003,13,1.9000000000000001,0,1004,15,2.2700000000000005,3,1005,17,2.7800000000000002,0,1006,19,3.4300000000000002,0,1007,21,5.3900000000000006,0,1008,23,6.3200000000000012,0,1009,25,7.3900000000000006,3,1010,27,8.6000000000000014,0,1011,29,11.120000000000001,0,1012,13,0,1,2,0,4,5,6,7,8,9,10,11,12,12,0,12,11,0,9,8,7,6,5,4,3,2,11,2,3,4,2,6,7,8,9,10,11,12,11,11,4,1000,1,0,4,0,1,9,4,2,4,1005,1,4,1,4,1,4,1,4,4,1010,1,6,5,1012
initial,6,14,1,0.014999999999999999,2.7000000000000002,0.75,6,6,0.78000000000000003,0,1000,8,0.59000000000000008,0,1001,10,0.54000000000000004,0,1002,12,0.63000000000000012,0,1003,14,2.0300000000000002,3,1004,16,2.4000000000000004,0,1005,18,2.9100000000000006,0,1006,20,3.5600000000000001,0,1007,22,5.5200000000000005,0,1008,24,6.4500000000000011,3,1009,26,7.5200000000000014,0,1010,28,8.7300000000000004,0,1011,30,10.080000000000002,0,1012,32,12.740000000000002,0,1013,14,0,1,2,3,4,5,6,7,8,9,10,11,12,13,5,5,1,1,1,1,1,1,1,1,4,1004,1,3,1,3,1,3,1,3,4,1009,1,0,1,0,1,0,5,1013
initial,7,15,2,0.02,0.29999999999999999,0.5,7,7,0.91000000000000003,0,1000,9,0.71999999999999997,0,1001,11,0.67000000000000004,0,1002,13,0.76000000000000012,3,1003,15,2.1600000000000001,0,1004,17,2.5300000000000002,0,1005,19,3.0400000000000005,0,1006,21,3.6900000000000004,0,1007,23,4.4800000000000004,3,1008,25,6.580000000000001,0,1009,27,7.6500000000000012,0,1010,29,8.8600000000000012,0,1011,31,10.210000000000003,0,1012,33,12.870000000000001,3,1013,35,14.5,0,1014,15,0,1,2,3,4,5,6,7,8,9,10,11,12,13,14,14,0,14,13,12,11,10,9,8,7,6,5,4,3,2,7,7,1,1,1,1,1,1,4,1003,1,3,1,3,1,3,1,3,4,1008,1,5,1,5,1,5,1,5,4,1013,5,1014
initial,8,16,3,0.0050000000000000001,0.69999999999999996,0.5,8,8,1.04,0,1000,10,0.85000000000000009,0,1001,12,0.80000000000000004,0,1002,14,0.89000000000000012,0,1003,16,1.1200000000000001,0,1004,18,2.6600000000000001,0,1005,20,3.1700000000000004,0,1006,22,3.8200000000000003,0,1007,24,4.6100000000000003,0,1008,26,6.7100000000000009,0,1009,28,7.7800000000000011,0,1010,30,8.9900000000000002,0,1011,32,10.340000000000002,0,1012,34,11.830000000000002,0,1013,36,14.630000000000001,0,1014,38,16.400000000000002,0,1015,16,0,1,2,3,4,5,6,7,8,9,10,11,12,13,14,15,15,0,15,14,13,12,11,10,9,8,7,6,5,4,3,2,14,2,3,4,5,6,7,8,9,10,11,12,13,14,15,3,3,4,1000,1,0,1,0,1,0,1,0,1,0,1,0,1,0,1,0,1,0,1,0,1,0,1,0,1,0,1,0,5,1015
initial,9,17,1,0.01,1.1000000000000001,0.75,9,9,0,0,1000,11,0.97999999999999998,3,1001,13,0.93000000000000005,0,1002,15,1.02,0,1003,17,1.25,0,1004,19,2.79,0,1005,21,3.3000000000000007,3,1006,23,3.9500000000000002,0,1007,25,4.7400000000000002,0,1008,27,5.6700000000000008,0,1009,29,7.910000000000001,0,1010,31,9.120000000000001,3,1011,33,10.470000000000002,0,1012,35,11.960000000000003,0,1013,37,14.760000000000002,0,1014,39,16.530000000000001,0,1015,41,18.440000000000001,3,1016,17,0,1,2,3,4,5,6,7,8,9,10,11,12,13,14,15,16,9,9,5,1000,4,1001,1,3,1,3,1,3,1,3,4,1006,1,5,1,5,1,5,1,5,4,1011,1,7,1,7,1,7,1,7,4,1016
initial,10,18,2,0.014999999999999999,1.5000000000000002,0.5,10,10,0.13,3,1000,12,1.1100000000000001,0,1001,14,1.0600000000000001,0,1002,16,1.1500000000000001,0,1003,18,1.3800000000000001,0,1004,20,1.7500000000000002,3,1005,22,3.4300000000000006,0,1006,24,4.0800000000000001,0,1007,26,4.8700000000000001,0,1008,28,5.8000000000000007,0,1009,30,8.0400000000000009,3,1010,32,9.25,0,1011,34,10.600000000000001,0,1012,36,12.090000000000002,0,1013,38,13.720000000000001,0,1014,40,16.66,3,1015,42,18.57,0,1016,44,20.620000000000001,0,1017,18,0,1,2,0,4,5,6,7,8,9,10,11,12,13,14,15,16,17,17,0,17,16,0,14,13,12,11,10,9,8,7,6,5,4,3,2,14,14,4,1000,1,0,4,1002,1,12,4,3,4,1005,1,5,1,5,1,5,1,5,4,1010,1,7,1,7,1,7,1,7,4,1015,1,9,5,1017
initial,11,19,3,0.02,1.9000000000000001,0.5,11,11,23,0,1000,11,23,0,1001,11,23,0,1002,11,23,0,1003,11,23,3,1004,11,23,0,1005,11,23,0,1006,11,23,0,1007,11,23,0,1008,11,23,3,1009,11,23,0,1010,11,23,0,1011,11,23,0,1012,11,23,0,1013,11,23,3,1014,11,23,0,1015,11,23,0,1016,11,23,0,1017,11,23,0,1018,19,0,1,2,3,4,5,6,7,8,9,10,11,12,13,14,15,16,17,18,18,0,18,17,16,15,14,13,12,11,10,9,8,7,6,5,4,3,2,17,2,3,4,5,6,7,8,9,10,11,12,13,14,15,16,17,18,6,6,1,0,1,0,1,0,1,0,4,1004,1,2,1,2,1,2,1,2,4,1009,1,4,1,4,1,4,1,4,4,1014,1,0,1,0,1,0,1,0
initial,12,20,1,0.0050000000000000001,2.2999999999999998,0.75,12,12,0.39000000000000001,0,1000,14,0.20000000000000001,0,1001,16,1.3200000000000001,0,1002,18,1.4100000000000001,0,1003,20,1.6400000000000001,0,1004,22,2.0100000000000002,0,1005,24,2.5200000000000005,0,1006,26,4.3399999999999999,0,1007,28,5.1300000000000008,0,1008,30,6.0600000000000005,0,1009,32,7.1300000000000008,0,1010,34,9.5100000000000016,0,1011,36,10.860000000000001,0,1012,38,12.350000000000001,0,1013,40,13.98,0,1014,42,15.750000000000002,0,1015,44,18.830000000000002,0,1016,46,20.879999999999999,0,1017,48,23.070000000000004,0,1018,50,25.400000000000002,0,1019,20,0,1,2,3,4,5,6,7,8,9,10,11,12,13,14,15,16,17,18,19,3,3,4,1000,1,0,1,0,1,0,1,0,1,0,1,0,1,0,1,0,1,0,1,0,1,0,5,1012,1,1,1,1,1,1,1,1,1,1,1,1,1,1
initial,13,21,2,0.01,2.7000000000000002,0.5,0,13,0.52000000000000002,0,1000,15,0.33000000000000002,0,1001,17,0.28000000000000003,3,1002,19,1.54,0,1003,21,1.77,0,1004,23,2.1400000000000001,0,1005,25,2.6500000000000004,0,1006,27,4.4700000000000006,3,1007,29,5.2600000000000007,0,1008,31,6.1900000000000013,0,1009,33,7.2600000000000007,0,1010,35,8.4700000000000006,0,1011,37,10.990000000000002,3,1012,39,12.480000000000002,0,1013,41,14.110000000000001,0,1014,43,15.880000000000003,0,1015,45,18.960000000000001,0,1016,47,21.010000000000002,3,1017,49,23.200000000000003,0,1018,51,25.530000000000005,0,1019,53,28.000000000000004,0,1020,21,0,1,2,3,4,5,6,7,8,9,10,11,12,13,14,15,16,17,18,19,20,20,0,20,19,18,17,16,15,14,13,12,11,10,9,8,7,6,5,4,3,2,25,25,5,1000,5,1001,4,1002,5,1003,5,1004,5,1005,5,1006,4,1007,5,1008,5,1009,5,1010,5,1011,4,1012,5,1013,5,1014,5,1015,5,1016,4,1017,5,1018,5,1019,5,1020
initial,14,22,3,0.014999999999999999,0.29999999999999999,0.5,1,14,0.65000000000000002,0,1000,16,0.46000000000000002,3,1001,18,0.41000000000000003,0,1002,20,1.6700000000000002,0,1003,22,1.9000000000000001,0,1004,24,2.2700000000000005,0,1005,26,2.7800000000000002,3,1006,28,3.4300000000000002,0,1007,30,5.3900000000000006,0,1008,32,6.3200000000000012,0,1009,34,7.3900000000000006,0,1010,36,8.6000000000000014,3,1011,38,11.120000000000001,0,1012,40,12.610000000000001,0,1013,42,14.24,0,1014,44,16.010000000000002,0,1015,46,17.920000000000002,3,1016,48,21.140000000000001,0,1017,50,23.330000000000002,0,1018,52,25.660000000000004,0,1019,54,28.130000000000003,0,1020,56,31.910000000000004,3,1021,22,0,1,2,3,4,5,6,7,8,9,10,11,12,13,14,15,16,17,18,19,20,21,21,0,21,20,19,18,17,16,15,14,13,12,11,10,9,8,7,6,5,4,3,2,20,2,3,4,5,6,7,8,9,10,11,12,13,14,15,16,17,18,19,20,21,22,22,5,1000,4,1001,5,1002,5,1003,1,5,5,1005,4,1006,5,1007,5,1008,1,10,5,1010,4,1011,5,1012,1,14,5,1014,1,15,4,1016,5,1017,1,18,5,1019,5,1020,4,1021
initial,15,23,1,0.02,0.69999999999999996,0.75,2,15,0.78000000000000003,3,1000,17,0.59000000000000008,0,1001,19,0.54000000000000004,0,1002,21,0.63000000000000012,0,1003,23,2.0300000000000002,0,1004,25,2.4000000000000004,3,1005,27,2.9100000000000006,0,1006,29,3.5600000000000001,0,1007,31,5.5200000000000005,0,1008,33,6.4500000000000011,0,1009,35,7.5200000000000014,3,1010,37,8.7300000000000004,0,1011,39,10.080000000000002,0,1012,41,12.740000000000002,0,1013,43,14.370000000000001,0,1014,45,16.140000000000001,3,1015,47,18.050000000000001,0,1016,49,21.27,0,1017,51,23.460000000000004,0,1018,53,25.790000000000003,0,1019,55,28.260000000000005,3,1020,57,30.870000000000005,0,1021,59,34.789999999999999,0,1022,23,0,1,2,0,4,5,6,7,8,9,10,11,12,13,14,15,16,17,18,19,20,21,22,18,18,4,1000,1,0,5,1002,0,1003,1,3,4,1005,1,5,5,1007,5,1008,1,7,4,1010,1,9,1,9,5,1013,1,10,4,1015,1,12,5,1017,1,13,1,13,4,1020,1,15,5,1022
initial,16,24,2,0.0050000000000000001,1.1000000000000001,0.5,3,16,0.91000000000000003,0,1000,18,0.71999999999999997,0,1001,20,0.67000000000000004,0,1002,22,0.76000000000000012,0,1003,24,2.1600000000000001,0,1004,26,2.5300000000000002,0,1005,28,3.0400000000000005,0,1006,30,3.6900000000000004,0,1007,32,4.4800000000000004,0,1008,34,6.580000000000001,0,1009,36,7.6500000000000012,0,1010,38,8.8600000000000012,0,1011,40,10.210000000000003,0,1012,42,12.870000000000001,0,1013,44,14.5,0,1014,46,16.270000000000003,0,1015,48,18.180000000000003,0,1016,50,20.23,0,1017,52,23.590000000000003,0,1018,54,25.920000000000002,0,1019,56,28.390000000000004,0,1020,58,31.000000000000004,0,1021,60,34.920000000000002,0,1022,62,37.810000000000002,0,1023,24,0,1,2,3,4,5,6,7,8,9,10,11,12,13,14,15,16,17,18,19,20,21,22,23,23,0,23,22,21,20,19,18,17,16,15,14,13,12,11,10,9,8,7,6,5,4,3,2,7,7,4,1000,1,0,1,0,1,0,5,1004,1,1,1,1,1,1,1,1,5,1009,1,2,1,2,1,2,5,1013,1,3,1,3,1,3,1,3,1,3,1,3,5,1020,1,4,1,4,5,1023
initial,17,25,3,0.01,1.5000000000000002,0.5,4,17,1.04,0,1000,19,0.85000000000000009,0,1001,21,0.80000000000000004,0,1002,23,0.89000000000000012,3,1003,25,1.1200000000000001,0,1004,27,2.6600000000000001,0,1005,29,3.1700000000000004,0,1006,31,3.8200000000000003,0,1007,33,4.6100000000000003,3,1008,35,6.7100000000000009,0,1009,37,7.7800000000000011,0,1010,39,8.9900000000000002,0,1011,41,10.340000000000002,0,1012,43,11.830000000000002,3,1013,45,14.630000000000001,0,1014,47,16.400000000000002,0,1015,49,18.310000000000002,0,1016,51,20.359999999999999,0,1017,53,23.720000000000002,3,1018,55,26.050000000000004,0,1019,57,28.520000000000003,0,1020,59,31.130000000000006,0,1021,61,33.880000000000003,0,1022,63,37.939999999999998,3,1023,65,40.970000000000006,0,1024,25,0,1,2,3,4,5,6,7,8,9,10,11,12,13,14,15,16,17,18,19,20,21,22,23,24,24,0,24,23,22,21,20,19,18,17,16,15,14,13,12,11,10,9,8,7,6,5,4,3,2,23,2,3,4,5,6,7,8,9,10,11,12,13,14,15,16,17,18,19,20,21,22,23,24,10,10,1,0,1,0,1,0,4,1003,1,2,1,2,1,2,1,2,4,1008,1,4,1,4,1,4,1,4,4,1013,1,6,1,6,1,6,1,6,4,1018,1,8,1,8,1,8,1,8,4,1023,1,0
initial,18,26,1,0.014999999999999999,1.9000000000000001,0.75,5,18,0,0,1000,20,0.97999999999999998,0,1001,22,0.93000000000000005,3,1002,24,1.02,0,1003,26,1.25,0,1004,28,2.79,0,1005,30,3.3000000000000007,0,1006,32,3.9500000000000002,3,1007,34,4.7400000000000002,0,1008,36,5.6700000000000008,0,1009,38,7.910000000000001,0,1010,40,9.120000000000001,0,1011,42,10.470000000000002,3,1012,44,11.960000000000003,0,1013,46,14.760000000000002,0,1014,48,16.530000000000001,0,1015,50,18.440000000000001,0,1016,52,20.490000000000002,3,1017,54,22.680000000000003,0,1018,56,26.180000000000003,0,1019,58,28.650000000000002,0,1020,60,31.260000000000005,0,1021,62,34.010000000000005,3,1022,64,38.07,0,1023,66,41.100000000000009,0,1024,68,44.27000000000001,0,1025,26,0,1,2,3,4,5,6,7,8,9,10,11,12,13,14,15,16,17,18,19,20,21,22,23,24,25,11,11,5,1000,1,1,4,1002,1,3,1,3,1,3,1,3,4,1007,1,5,1,5,1,5,1,5,4,1012,1,7,1,7,1,7,1,7,4,1017,1,9,1,9,1,9,1,9,4,1022,1,0,1,0,1,0
initial,19,27,2,0.02,2.2999999999999998,0.5,6,19,0.13,0,1000,21,1.1100000000000001,3,1001,23,1.0600000000000001,0,1002,25,1.1500000000000001,0,1003,27,1.3800000000000001,0,1004,29,1.7500000000000002,0,1005,31,3.4300000000000006,3,1006,33,4.0800000000000001,0,1007,35,4.8700000000000001,0,1008,37,5.8000000000000007,0,1009,39,8.0400000000000009,0,1010,41,9.25,3,1011,43,10.600000000000001,0,1012,45,12.090000000000002,0,1013,47,13.720000000000001,0,1014,49,16.66,0,1015,51,18.57,3,1016,53,20.620000000000001,0,1017,55,22.810000000000002,0,1018,57,26.310000000000002,0,1019,59,28.780000000000005,0,1020,61,31.390000000000004,3,1021,63,34.140000000000001,0,1022,65,37.030000000000001,0,1023,67,41.230000000000004,0,1024,69,44.400000000000006,0,1025,71,47.710000000000008,3,1026,27,0,1,2,3,4,5,6,7,8,9,10,11,12,13,14,15,16,17,18,19,20,21,22,23,24,25,26,26,0,26,25,24,23,22,21,20,19,18,17,16,15,14,13,12,11,10,9,8,7,6,5,4,3,2,13,13,5,1000,4,1001,1,3,1,3,1,3,1,3,4,1006,1,5,1,5,1,5,1,5,4,1011,1,7,1,7,1,7,1,7,4,1016,1,9,1,9,1,9,1,9,4,1021,1,11,1,11,1,11,1,11,4,1026
initial,20,28,3,0.0050000000000000001,2.7000000000000002,0.5,7,20,0.26000000000000001,0,1000,22,0.070000000000000007,0,1001,24,1.1899999999999999,0,1002,26,1.2800000000000002,0,1003,28,1.5100000000000002,0,1004,30,1.8800000000000003,0,1005,32,3.5600000000000005,0,1006,34,4.21,0,1007,36,5,0,1008,38,5.9300000000000006,0,1009,40,7.0000000000000009,0,1010,42,9.3800000000000008,0,1011,44,10.730000000000002,0,1012,46,12.220000000000002,0,1013,48,13.850000000000001,0,1014,50,16.790000000000003,0,1015,52,18.700000000000003,0,1016,54,20.75,0,1017,56,22.940000000000005,0,1018,58,25.270000000000003,0,1019,60,28.910000000000004,0,1020,62,31.520000000000003,0,1021,64,34.270000000000003,0,1022,66,37.160000000000004,0,1023,68,41.360000000000007,0,1024,70,44.530000000000008,0,1025,72,47.840000000000011,0,1026,74,51.290000000000006,0,1027,28,0,1,2,0,4,5,6,7,8,9,10,11,12,13,14,15,16,17,18,19,20,21,22,23,24,25,26,27,27,0,27,26,0,24,23,22,21,20,19,18,17,16,15,14,13,12,11,10,9,8,7,6,5,4,3,2,26,2,3,4,2,6,7,8,9,10,11,12,13,14,15,16,17,18,19,20,21,22,23,24,25,26,27,6,6,4,1000,1,2,4,2,1,4,4,0,1,0,1,0,1,0,1,0,1,0,1,0,1,0,1,0,1,0,1,0,1,0,1,0,1,0,1,0,5,1019,1,1,1,1,1,1,1,1,1,1,1,1,1,1,1,1
initial,21,29,1,0.01,0.29999999999999999,0.75,8,21,0.39000000000000001,0,1000,23,0.20000000000000001,0,1001,25,1.3200000000000001,0,1002,27,1.4100000000000001,0,1003,29,1.6400000000000001,3,1004,31,2.0100000000000002,0,1005,33,2.5200000000000005,0,1006,35,4.3399999999999999,0,1007,37,5.1300000000000008,0,1008,39,6.0600000000000005,3,1009,41,7.1300000000000008,0,1010,43,9.5100000000000016,0,1011,45,10.860000000000001,0,1012,47,12.350000000000001,0,1013,49,13.98,3,1014,51,15.750000000000002,0,1015,53,18.830000000000002,0,1016,55,20.879999999999999,0,1017,57,23.070000000000004,0,1018,59,25.400000000000002,3,1019,61,29.040000000000003,0,1020,63,31.650000000000006,0,1021,65,34.400000000000006,0,1022,67,37.289999999999999,0,1023,69,40.320000000000007,3,1024,71,44.660000000000004,0,1025,73,47.970000000000006,0,1026,75,51.420000000000009,0,1027,77,55.010000000000005,0,1028,29,0,1,2,3,4,5,6,7,8,9,10,11,12,13,14,15,16,17,18,19,20,21,22,23,24,25,26,27,28,13,13,5,1000,5,1001,5,1002,1,3,4,1004,1,5,1,5,1,5,1,5,4,1009,1,7,1,7,1,7,1,7,4,1014,1,9,1,9,1,9,1,9,4,1019,1,11,1,11,1,11,1,11,4,1024,1,0,1,0,1,0,1,0
initial,22,30,2,0.014999999999999999,0.69999999999999996,0.5,9,11,23,0,1000,11,23,0,1001,11,23,0,1002,11,23,3,1003,11,23,0,1004,11,23,0,1005,11,23,0,1006,11,23,0,1007,11,23,3,1008,11,23,0,1009,11,23,0,1010,11,23,0,1011,11,23,0,1012,11,23,3,1013,11,23,0,1014,11,23,0,1015,11,23,0,1016,11,23,0,1017,11,23,3,1018,11,23,0,1019,11,23,0,1020,11,23,0,1021,11,23,0,1022,11,23,3,1023,11,23,0,1024,11,23,0,1025,11,23,0,1026,11,23,0,1027,11,23,3,1028,11,23,0,1029,30,0,1,2,3,4,5,6,7,8,9,10,11,12,13,14,15,16,17,18,19,20,21,22,23,24,25,26,27,28,29,29,0,29,28,27,26,25,24,23,22,21,20,19,18,17,16,15,14,13,12,11,10,9,8,7,6,5,4,3,2,12,12,1,0,1,0,1,0,4,1003,1,2,1,2,1,2,1,2,4,1008,1,4,1,4,1,4,1,4,4,1013,1,6,1,6,1,6,1,6,4,1018,1,8,1,8,1,8,1,8,4,1023,1,10,1,10,1,10,1,10,4,1028,1,0
initial,23,31,3,0.02,1.1000000000000001,0.5,10,23,0.65000000000000002,0,1000,25,0.46000000000000002,0,1001,27,0.41000000000000003,3,1002,29,1.6700000000000002,0,1003,31,1.9000000000000001,0,1004,33,2.2700000000000005,0,1005,35,2.7800000000000002,0,1006,37,3.4300000000000002,3,1007,39,5.3900000000000006,0,1008,41,6.3200000000000012,0,1009,43,7.3900000000000006,0,1010,45,8.6000000000000014,0,1011,47,11.120000000000001,3,1012,49,12.610000000000001,0,1013,51,14.24,0,1014,53,16.010000000000002,0,1015,55,17.920000000000002,0,1016,57,21.140000000000001,3,1017,59,23.330000000000002,0,1018,61,25.660000000000004,0,1019,63,28.130000000000003,0,1020,65,31.910000000000004,0,1021,67,34.660000000000004,3,1022,69,37.550000000000004,0,1023,71,40.580000000000005,0,1024,73,43.750000000000007,0,1025,75,48.230000000000004,0,1026,77,51.680000000000007,3,1027,79,55.270000000000003,0,1028,81,59.000000000000007,0,1029,83,64.040000000000006,0,1030,31,0,1,2,3,4,5,6,7,8,9,10,11,12,13,14,15,16,17,18,19,20,21,22,23,24,25,26,27,28,29,30,30,0,30,29,28,27,26,25,24,23,22,21,20,19,18,17,16,15,14,13,12,11,10,9,8,7,6,5,4,3,2,29,2,3,4,5,6,7,8,9,10,11,12,13,14,15,16,17,18,19,20,21,22,23,24,25,26,27,28,29,30,13,13,5,1000,1,1,4,1002,1,3,1,3,1,3,1,3,4,1007,1,5,1,5,1,5,1,5,4,1012,1,7,1,7,1,7,1,7,4,1017,1,9,1,9,1,9,1,9,4,1022,1,11,1,11,1,11,1,11,4,1027,1,0,1,0,1,0
initial,24,32,1,0.0050000000000000001,1.5000000000000002,0.75,11,24,0.78000000000000003,0,1000,26,0.59000000000000008,0,1001,28,0.54000000000000004,0,1002,30,0.63000000000000012,0,1003,32,2.0300000000000002,0,1004,34,2.4000000000000004,0,1005,36,2.9100000000000006,0,1006,38,3.5600000000000001,0,1007,40,5.5200000000000005,0,1008,42,6.4500000000000011,0,1009,44,7.5200000000000014,0,1010,46,8.7300000000000004,0,1011,48,10.080000000000002,0,1012,50,12.740000000000002,0,1013,52,14.370000000000001,0,1014,54,16.140000000000001,0,1015,56,18.050000000000001,0,1016,58,21.27,0,1017,60,23.460000000000004,0,1018,62,25.790000000000003,0,1019,64,28.260000000000005,0,1020,66,30.870000000000005,0,1021,68,34.789999999999999,0,1022,70,37.68,0,1023,72,40.710000000000008,0,1024,74,43.88000000000001,0,1025,76,48.360000000000007,0,1026,78,51.810000000000009,0,1027,80,55.400000000000006,0,1028,82,59.130000000000003,0,1029,84,63.000000000000007,0,1030,86,68.180000000000007,0,1031,32,0,1,2,3,4,5,6,7,8,9,10,11,12,13,14,15,16,17,18,19,20,21,22,23,24,25,26,27,28,29,30,31,3,3,4,1000,1,0,1,0,1,0,1,0,1,0,1,0,1,0,1,0,1,0,1,0,1,0,1,0,1,0,1,0,1,0,1,0,1,0,1,0,1,0,1,0,1,0,1,0,5,1023,1,1,1,1,1,1,1,1,1,1,1,1,1,1,1,1
initial,25,8,2,0.01,1.9000000000000001,0.5,12,25,0.91000000000000003,3,1000,27,0.71999999999999997,0,1001,29,0.67000000000000004,0,1002,31,0.76000000000000012,0,1003,33,2.1600000000000001,0,1004,35,2.5300000000000002,3,1005,37,3.0400000000000005,0,1006,39,3.6900000000000004,0,1007,8,0,1,2,0,4,5,6,7,7,0,7,6,0,4,3,2,10,10,4,1000,1,0,4,1002,1,8,4,3,4,1005,1,5,5,1007
initial,26,9,3,0.014999999999999999,2.2999999999999998,0.5,0,26,1.04,0,1000,28,0.85000000000000009,0,1001,30,0.80000000000000004,0,1002,32,0.89000000000000012,0,1003,34,1.1200000000000001,3,1004,36,2.6600000000000001,0,1005,38,3.1700000000000004,0,1006,40,3.8200000000000003,0,1007,42,4.6100000000000003,0,1008,9,0,1,2,3,4,5,6,7,8,8,0,8,7,6,5,4,3,2,7,2,3,4,5,6,7,8,10,10,5,1000,5,1001,5,1002,5,1003,4,1004,5,1005,5,1006,5,1007,5,1008
initial,27,10,1,0.02,2.7000000000000002,0.75,1,27,0,0,1000,29,0.97999999999999998,0,1001,31,0.93000000000000005,0,1002,33,1.02,3,1003,35,1.25,0,1004,37,2.79,0,1005,39,3.3000000000000007,0,1006,41,3.9500000000000002,0,1007,43,4.7400000000000002,3,1008,45,5.6700000000000008,0,1009,10,0,1,2,3,4,5,6,7,8,9,10,10,5,1000,5,1001,1,3,4,1003,5,1004,5,1005,1,7,5,1007,4,1008,5,1009
initial,28,11,2,0.0050000000000000001,0.29999999999999999,0.5,2,28,0.13,0,1000,30,1.1100000000000001,0,1001,32,1.0600000000000001,0,1002,34,1.1500000000000001,0,1003,36,1.3800000000000001,0,1004,38,1.7500000000000002,0,1005,40,3.4300000000000006,0,1006,42,4.0800000000000001,0,1007,44,4.8700000000000001,0,1008,46,5.8000000000000007,0,1009,48,8.0400000000000009,0,1010,11,0,1,2,3,4,5,6,7,8,9,10,10,0,10,9,8,7,6,5,4,3,2,7,7,4,1000,5,1001,1,1,1,1,1,1,5,1005,5,1006,1,3,1,3,5,1009,5,1010
initial,29,12,3,0.01,0.69999999999999996,0.5,3,29,0.26000000000000001,0,1000,31,0.070000000000000007,3,1001,33,1.1899999999999999,0,1002,35,1.2800000000000002,0,1003,37,1.5100000000000002,0,1004,39,1.8800000000000003,0,1005,41,3.5600000000000005,3,1006,43,4.21,0,1007,45,5,0,1008,47,5.9300000000000006,0,1009,49,7.0000000000000009,0,1010,51,9.3800000000000008,3,1011,12,0,1,2,3,4,5,6,7,8,9,10,11,11,0,11,10,9,8,7,6,5,4,3,2,10,2,3,4,5,6,7,8,9,10,11,8,8,5,1000,4,1001,1,3,1,3,1,3,5,1005,4,1006,1,6,1,6,1,6,1,6,4,1011
initial,30,13,1,0.014999999999999999,1.1000000000000001,0.75,4,30,0.39000000000000001,3,1000,32,0.20000000000000001,0,1001,34,1.3200000000000001,0,1002,36,1.4100000000000001,0,1003,38,1.6400000000000001,0,1004,40,2.0100000000000002,3,1005,42,2.5200000000000005,0,1006,44,4.3399999999999999,0,1007,46,5.1300000000000008,0,1008,48,6.0600000000000005,0,1009,50,7.1300000000000008,3,1010,52,9.5100000000000016,0,1011,54,10.860000000000001,0,1012,13,0,1,2,0,4,5,6,7,8,9,10,11,12,10,10,4,1000,1,0,5,1002,0,1003,1,3,4,1005,1,5,1,5,1,5,1,5,4,1010,1,7,5,1012
initial,31,14,2,0.02,1.5000000000000002,0.5,5,31,0.52000000000000002,0,1000,33,0.33000000000000002,0,1001,35,0.28000000000000003,0,1002,37,1.54,0,1003,39,1.77,3,1004,41,2.1400000000000001,0,1005,43,2.6500000000000004,0,1006,45,4.4700000000000006,0,1007,47,5.2600000000000007,0,1008,49,6.1900000000000013,3,1009,51,7.2600000000000007,0,1010,53,8.4700000000000006,0,1011,55,10.990000000000002,0,1012,57,12.480000000000002,0,1013,14,0,1,2,3,4,5,6,7,8,9,10,11,12,13,13,0,13,12,11,10,9,8,7,6,5,4,3,2,5,5,5,1000,1,1,1,1,1,1,4,1004,1,3,1,3,1,3,1,3,4,1009,1,0,1,0,1,0,1,0
initial,32,15,3,0.0050000000000000001,1.9000000000000001,0.5,6,32,0.65000000000000002,0,1000,34,0.46000000000000002,0,1001,36,0.41000000000000003,0,1002,38,1.6700000000000002,0,1003,40,1.9000000000000001,0,1004,42,2.2700000000000005,0,1005,44,2.7800000000000002,0,1006,46,3.4300000000000002,0,1007,48,5.3900000000000006,0,1008,50,6.3200000000000012,0,1009,52,7.3900000000000006,0,1010,54,8.6000000000000014,0,1011,56,11.120000000000001,0,1012,58,12.610000000000001,0,1013,60,14.24,0,1014,15,0,1,2,3,4,5,6,7,8,9,10,11,12,13,14,14,0,14,13,12,11,10,9,8,7,6,5,4,3,2,13,2,3,4,5,6,7,8,9,10,11,12,13,14,3,3,4,1000,1,0,1,0,1,0,1,0,1,0,1,0,1,0,1,0,1,0,1,0,1,0,1,0,1,0,5,1014
initial,33,16,1,0.01,2.2999999999999998,0.75,7,11,23,0,1000,11,23,0,1001,11,23,3,1002,11,23,0,1003,11,23,0,1004,11,23,0,1005,11,23,0,1006,11,23,3,1007,11,23,0,1008,11,23,0,1009,11,23,0,1010,11,23,0,1011,11,23,3,1012,11,23,0,1013,11,23,0,1014,11,23,0,1015,16,0,1,2,3,4,5,6,7,8,9,10,11,12,13,14,15,6,6,1,0,1,0,4,1002,1,2,1,2,1,2,1,2,4,1007,1,4,1,4,1,4,1,4,4,1012,1,0,1,0,1,0
initial,34,17,2,0.014999999999999999,2.7000000000000002,0.5,8,34,0.91000000000000003,0,1000,36,0.71999999999999997,3,1001,38,0.67000000000000004,0,1002,40,0.76000000000000012,0,1003,42,2.1600000000000001,0,1004,44,2.5300000000000002,0,1005,46,3.0400000000000005,3,1006,48,3.6900000000000004,0,1007,50,4.4800000000000004,0,1008,52,6.580000000000001,0,1009,54,7.6500000000000012,0,1010,56,8.8600000000000012,3,1011,58,10.210000000000003,0,1012,60,12.870000000000001,0,1013,62,14.5,0,1014,64,16.270000000000003,0,1015,66,18.180000000000003,3,1016,17,0,1,2,3,4,5,6,7,8,9,10,11,12,13,14,15,16,16,0,16,15,14,13,12,11,10,9,8,7,6,5,4,3,2,9,9,5,1000,4,1001,1,3,1,3,1,3,1,3,4,1006,1,5,1,5,1,5,1,5,4,1011,1,7,1,7,1,7,1,7,4,1016
initial,35,18,3,0.02,0.29999999999999999,0.5,9,35,1.04,3,1000,37,0.85000000000000009,0,1001,39,0.80000000000000004,0,1002,41,0.89000000000000012,0,1003,43,1.1200000000000001,0,1004,45,2.6600000000000001,3,1005,47,3.1700000000000004,0,1006,49,3.8200000000000003,0,1007,51,4.6100000000000003,0,1008,53,6.7100000000000009,0,1009,55,7.7800000000000011,3,1010,57,8.9900000000000002,0,1011,59,10.340000000000002,0,1012,61,11.830000000000002,0,1013,63,14.630000000000001,0,1014,65,16.400000000000002,3,1015,67,18.310000000000002,0,1016,69,20.359999999999999,0,1017,18,0,1,2,0,4,5,6,7,8,9,10,11,12,13,14,15,16,17,17,0,17,16,0,14,13,12,11,10,9,8,7,6,5,4,3,2,16,2,3,4,2,6,7,8,9,10,11,12,13,14,15,16,17,15,15,4,1000,1,0,4,1002,1,13,4,1004,4,1005,1,6,1,6,1,6,1,6,4,1010,1,8,1,8,1,8,1,8,4,1015,1,10,5,1017
initial,36,19,1,0.0050000000000000001,0.69999999999999996,0.75,10,36,0,0,1000,38,0.97999999999999998,0,1001,40,0.93000000000000005,0,1002,42,1.02,0,1003,44,1.25,0,1004,46,2.79,0,1005,48,3.3000000000000007,0,1006,50,3.9500000000000002,0,1007,52,4.7400000000000002,0,1008,54,5.6700000000000008,0,1009,56,7.910000000000001,0,1010,58,9.120000000000001,0,1011,60,10.470000000000002,0,1012,62,11.960000000000003,0,1013,64,14.760000000000002,0,1014,66,16.530000000000001,0,1015,68,18.440000000000001,0,1016,70,20.490000000000002,0,1017,72,22.680000000000003,0,1018,19,0,1,2,3,4,5,6,7,8,9,10,11,12,13,14,15,16,17,18,3,3,4,1000,1,0,1,0,1,0,1,0,1,0,1,0,1,0,1,0,1,0,1,0,1,0,1,0,1,0,5,1014,1,1,1,1,1,1,1,1
initial,37,20,2,0.01,1.1000000000000001,0.5,11,37,0.13,0,1000,39,1.1100000000000001,0,1001,41,1.0600000000000001,0,1002,43,1.1500000000000001,3,1003,45,1.3800000000000001,0,1004,47,1.7500000000000002,0,1005,49,3.4300000000000006,0,1006,51,4.0800000000000001,0,1007,53,4.8700000000000001,3,1008,55,5.8000000000000007,0,1009,57,8.0400000000000009,0,1010,59,9.25,0,1011,61,10.600000000000001,0,1012,63,12.090000000000002,3,1013,65,13.720000000000001,0,1014,67,16.66,0,1015,69,18.57,0,1016,71,20.620000000000001,0,1017,73,22.810000000000002,3,1018,75,26.310000000000002,0,1019,20,0,1,2,3,4,5,6,7,8,9,10,11,12,13,14,15,16,17,18,19,19,0,19,18,17,16,15,14,13,12,11,10,9,8,7,6,5,4,3,2,8,8,1,0,1,0,1,0,4,1003,1,2,1,2,1,2,1,2,4,1008,1,4,1,4,1,4,1,4,4,1013,1,6,1,6,1,6,1,6,4,1018,1,0
initial,38,21,3,0.014999999999999999,1.5000000000000002,0.5,12,38,0.26000000000000001,0,1000,40,0.070000000000000007,0,1001,42,1.1899999999999999,3,1002,44,1.2800000000000002,0,1003,46,1.5100000000000002,0,1004,48,1.8800000000000003,0,1005,50,3.5600000000000005,0,1006,52,4.21,3,1007,54,5,0,1008,56,5.9300000000000006,0,1009,58,7.0000000000000009,0,1010,60,9.3800000000000008,0,1011,62,10.730000000000002,3,1012,64,12.220000000000002,0,1013,66,13.850000000000001,0,1014,68,16.790000000000003,0,1015,70,18.700000000000003,0,1016,72,20.75,3,1017,74,22.940000000000005,0,1018,76,25.270000000000003,0,1019,78,28.910000000000004,0,1020,21,0,1,2,3,4,5,6,7,8,9,10,11,12,13,14,15,16,17,18,19,20,20,0,20,19,18,17,16,15,14,13,12,11,10,9,8,7,6,5,4,3,2,19,2,3,4,5,6,7,8,9,10,11,12,13,14,15,16,17,18,19,20,9,9,5,1000,1,1,4,1002,1,3,1,3,1,3,1,3,4,1007,1,5,1,5,1,5,1,5,4,1012,1,7,1,7,1,7,1,7,4,1017,1,0,1,0,1,0
initial,39,22,1,0.02,1.9000000000000001,0.75,0,39,0.39000000000000001,0,1000,41,0.20000000000000001,3,1001,43,1.3200000000000001,0,1002,45,1.4100000000000001,0,1003,47,1.6400000000000001,0,1004,49,2.0100000000000002,0,1005,51,2.5200000000000005,3,1006,53,4.3399999999999999,0,1007,55,5.1300000000000008,0,1008,57,6.0600000000000005,0,1009,59,7.1300000000000008,0,1010,61,9.5100000000000016,3,1011,63,10.860000000000001,0,1012,65,12.350000000000001,0,1013,67,13.98,0,1014,69,15.750000000000002,0,1015,71,18.830000000000002,3,1016,73,20.879999999999999,0,1017,75,23.070000000000004,0,1018,77,25.400000000000002,0,1019,79,29.040000000000003,0,1020,81,31.650000000000006,3,1021,22,0,1,2,3,4,5,6,7,8,9,10,11,12,13,14,15,16,17,18,19,20,21,27,27,5,1000,4,1001,5,1002,5,1003,5,1004,5,1005,4,1006,5,1007,5,1008,5,1009,5,1010,4,1011,5,1012,5,1013,5,1014,5,1015,4,1016,5,1017,5,1018,5,1019,5,1020,4,1021
initial,40,23,2,0.0050000000000000001,2.2999999999999998,0.5,1,40,0.52000000000000002,0,1000,42,0.33000000000000002,0,1001,44,0.28000000000000003,0,1002,46,1.54,0,1003,48,1.77,0,1004,50,2.1400000000000001,0,1005,52,2.6500000000000004,0,1006,54,4.4700000000000006,0,1007,56,5.2600000000000007,0,1008,58,6.1900000000000013,0,1009,60,7.2600000000000007,0,1010,62,8.4700000000000006,0,1011,64,10.990000000000002,0,1012,66,12.480000000000002,0,1013,68,14.110000000000001,0,1014,70,15.880000000000003,0,1015,72,18.960000000000001,0,1016,74,21.010000000000002,0,1017,76,23.200000000000003,0,1018,78,25.530000000000005,0,1019,80,28.000000000000004,0,1020,82,31.780000000000005,0,1021,84,34.530000000000001,0,1022,23,0,1,2,0,4,5,6,7,8,9,10,11,12,13,14,15,16,17,18,19,20,21,22,22,0,22,21,0,19,18,17,16,15,14,13,12,11,10,9,8,7,6,5,4,3,2,20,20,4,1000,1,14,4,1002,5,1003,4,0,5,1005,5,1006,5,1007,1,3,5,1009,1,4,5,1011,5,1012,1,6,5,1014,5,1015,5,1016,1,9,5,1018,1,10,5,1020,5,1021,5,1022
initial,41,24,3,0.01,2.7000000000000002,0.5,2,41,0.65000000000000002,0,1000,43,0.46000000000000002,0,1001,45,0.41000000000000003,0,1002,47,1.6700000000000002,0,1003,49,1.9000000000000001,3,1004,51,2.2700000000000005,0,1005,53,2.7800000000000002,0,1006,55,3.4300000000000002,0,1007,57,5.3900000000000006,0,1008,59,6.3200000000000012,3,1009,61,7.3900000000000006,0,1010,63,8.6000000000000014,0,1011,65,11.120000000000001,0,1012,67,12.610000000000001,0,1013,69,14.24,3,1014,71,16.010000000000002,0,1015,73,17.920000000000002,0,1016,75,21.140000000000001,0,1017,77,23.330000000000002,0,1018,79,25.660000000000004,3,1019,81,28.130000000000003,0,1020,83,31.910000000000004,0,1021,85,34.660000000000004,0,1022,87,37.550000000000004,0,1023,24,0,1,2,3,4,5,6,7,8,9,10,11,12,13,14,15,16,17,18,19,20,21,22,23,23,0,23,22,21,20,19,18,17,16,15,14,13,12,11,10,9,8,7,6,5,4,3,2,22,2,3,4,5,6,7,8,9,10,11,12,13,14,15,16,17,18,19,20,21,22,23,15,15,5,1000,1,3,1,3,5,1003,4,1004,1,6,1,6,5,1007,1,7,4,1009,1,9,1,9,5,1012,1,10,4,1014,1,12,1,12,5,1017,1,13,4,1019,1,0,5,1021,1,1,5,1023
initial,42,25,1,0.014999999999999999,0.29999999999999999,0.75,3,42,0.78000000000000003,0,1000,44,0.59000000000000008,0,1001,46,0.54000000000000004,0,1002,48,0.63000000000000012,3,1003,50,2.0300000000000002,0,1004,52,2.4000000000000004,0,1005,54,2.9100000000000006,0,1006,56,3.5600000000000001,0,1007,58,5.5200000000000005,3,1008,60,6.4500000000000011,0,1009,62,7.5200000000000014,0,1010,64,8.7300000000000004,0,1011,66,10.080000000000002,0,1012,68,12.740000000000002,3,1013,70,14.370000000000001,0,1014,72,16.140000000000001,0,1015,74,18.050000000000001,0,1016,76,21.27,0,1017,78,23.460000000000004,3,1018,80,25.790000000000003,0,1019,82,28.260000000000005,0,1020,84,30.870000000000005,0,1021,86,34.789999999999999,0,1022,88,37.68,3,1023,90,40.710000000000008,0,1024,25,0,1,2,3,4,5,6,7,8,9,10,11,12,13,14,15,16,17,18,19,20,21,22,23,24,14,14,1,1,1,1,1,1,4,1003,1,3,1,3,1,3,5,1007,4,1008,1,6,1,6,1,6,1,6,4,1013,1,8,1,8,1,8,5,1017,4,1018,1,11,1,11,1,11,5,1022,4,1023,5,1024
initial,43,26,2,0.02,0.69999999999999996,0.5,4,43,0.91000000000000003,0,1000,45,0.71999999999999997,0,1001,47,0.67000000000000004,3,1002,49,0.76000000000000012,0,1003,51,2.1600000000000001,0,1004,53,2.5300000000000002,0,1005,55,3.0400000000000005,0,1006,57,3.6900000000000004,3,1007,59,4.4800000000000004,0,1008,61,6.580000000000001,0,1009,63,7.6500000000000012,0,1010,65,8.8600000000000012,0,1011,67,10.210000000000003,3,1012,69,12.870000000000001,0,1013,71,14.5,0,1014,73,16.270000000000003,0,1015,75,18.180000000000003,0,1016,77,20.23,3,1017,79,23.590000000000003,0,1018,81,25.920000000000002,0,1019,83,28.390000000000004,0,1020,85,31.000000000000004,0,1021,87,34.920000000000002,3,1022,89,37.810000000000002,0,1023,91,40.840000000000011,0,1024,93,44.010000000000005,0,1025,26,0,1,2,3,4,5,6,7,8,9,10,11,12,13,14,15,16,17,18,19,20,21,22,23,24,25,25,0,25,24,23,22,21,20,19,18,17,16,15,14,13,12,11,10,9,8,7,6,5,4,3,2,11,11,5,1000,1,1,4,1002,1,3,1,3,1,3,1,3,4,1007,1,5,1,5,1,5,1,5,4,1012,1,7,1,7,1,7,1,7,4,1017,1,9,1,9,1,9,1,9,4,1022,1,0,1,0,1,0
initial,44,27,3,0.0050000000000000001,1.1000000000000001,0.5,5,11,23,0,1000,11,23,0,1001,11,23,0,1002,11,23,0,1003,11,23,0,1004,11,23,0,1005,11,23,0,1006,11,23,0,1007,11,23,0,1008,11,23,0,1009,11,23,0,1010,11,23,0,1011,11,23,0,1012,11,23,0,1013,11,23,0,1014,11,23,0,1015,11,23,0,1016,11,23,0,1017,11,23,0,1018,11,23,0,1019,11,23,0,1020,11,23,0,1021,11,23,0,1022,11,23,0,1023,11,23,0,1024,11,23,0,1025,11,23,0,1026,27,0,1,2,3,4,5,6,7,8,9,10,11,12,13,14,15,16,17,18,19,20,21,22,23,24,25,26,26,0,26,25,24,23,22,21,20,19,18,17,16,15,14,13,12,11,10,9,8,7,6,5,4,3,2,25,2,3,4,5,6,7,8,9,10,11,12,13,14,15,16,17,18,19,20,21,22,23,24,25,26,2,2,4,1000,1,0,1,0,1,0,1,0,1,0,1,0,1,0,1,0,1,0,1,0,1,0,1,0,1,0,1,0,1,0,1,0,1,0,1,0,1,0,1,0,1,0,1,0,1,0,1,0,1,0,1,0
initial,45,28,1,0.01,1.5000000000000002,0.75,6,45,0,3,1000,47,0.97999999999999998,0,1001,49,0.93000000000000005,0,1002,51,1.02,0,1003,53,1.25,0,1004,55,2.79,3,1005,57,3.3000000000000007,0,1006,59,3.9500000000000002,0,1007,61,4.7400000000000002,0,1008,63,5.6700000000000008,0,1009,65,7.910000000000001,3,1010,67,9.120000000000001,0,1011,69,10.470000000000002,0,1012,71,11.960000000000003,0,1013,73,14.760000000000002,0,1014,75,16.530000000000001,3,1015,77,18.440000000000001,0,1016,79,20.490000000000002,0,1017,81,22.680000000000003,0,1018,83,26.180000000000003,0,1019,85,28.650000000000002,3,1020,87,31.260000000000005,0,1021,89,34.010000000000005,0,1022,91,38.07,0,1023,93,41.100000000000009,0,1024,95,44.27000000000001,3,1025,97,47.580000000000005,0,1026,99,51.030000000000008,0,1027,28,0,1,2,0,4,5,6,7,8,9,10,11,12,13,14,15,16,17,18,19,20,21,22,23,24,25,26,27,16,16,4,1000,1,0,5,1002,0,1003,1,3,4,1005,1,5,1,5,1,5,1,5,4,1010,1,7,1,7,1,7,1,7,4,1015,1,9,1,9,1,9,1,9,4,1020,1,11,1,11,1,11,1,11,4,1025,1,13,5,1027
initial,46,29,2,0.014999999999999999,1.9000000000000001,0.5,7,46,0.13,0,1000,48,1.1100000000000001,0,1001,50,1.0600000000000001,0,1002,52,1.1500000000000001,0,1003,54,1.3800000000000001,3,1004,56,1.7500000000000002,0,1005,58,3.4300000000000006,0,1006,60,4.0800000000000001,0,1007,62,4.8700000000000001,0,1008,64,5.8000000000000007,3,1009,66,8.0400000000000009,0,1010,68,9.25,0,1011,70,10.600000000000001,0,1012,72,12.090000000000002,0,1013,74,13.720000000000001,3,1014,76,16.66,0,1015,78,18.57,0,1016,80,20.620000000000001,0,1017,82,22.810000000000002,0,1018,84,26.310000000000002,3,1019,86,28.780000000000005,0,1020,88,31.390000000000004,0,1021,90,34.140000000000001,0,1022,92,37.030000000000001,0,1023,94,41.230000000000004,3,1024,96,44.400000000000006,0,1025,98,47.710000000000008,0,1026,100,51.160000000000011,0,1027,102,55.920000000000002,0,1028,29,0,1,2,3,4,5,6,7,8,9,10,11,12,13,14,15,16,17,18,19,20,21,22,23,24,25,26,27,28,28,0,28,27,26,25,24,23,22,21,20,19,18,17,16,15,14,13,12,11,10,9,8,7,6,5,4,3,2,11,11,1,1,1,1,1,1,1,1,4,1004,1,3,1,3,1,3,1,3,4,1009,1,5,1,5,1,5,1,5,4,1014,1,7,1,7,1,7,1,7,4,1019,1,9,1,9,1,9,1,9,4,1024,1,0,1,0,1,0,5,1028
initial,47,30,3,0.02,2.2999999999999998,0.5,8,47,0.26000000000000001,0,1000,49,0.070000000000000007,0,1001,51,1.1899999999999999,0,1002,53,1.2800000000000002,3,1003,55,1.5100000000000002,0,1004,57,1.8800000000000003,0,1005,59,3.5600000000000005,0,1006,61,4.21,0,1007,63,5,3,1008,65,5.9300000000000006,0,1009,67,7.0000000000000009,0,1010,69,9.3800000000000008,0,1011,71,10.730000000000002,0,1012,73,12.220000000000002,3,1013,75,13.850000000000001,0,1014,77,16.790000000000003,0,1015,79,18.700000000000003,0,1016,81,20.75,0,1017,83,22.940000000000005,3,1018,85,25.270000000000003,0,1019,87,28.910000000000004,0,1020,89,31.520000000000003,0,1021,91,34.270000000000003,0,1022,93,37.160000000000004,3,1023,95,41.360000000000007,0,1024,97,44.530000000000008,0,1025,99,47.840000000000011,0,1026,101,51.290000000000006,0,1027,103,54.880000000000003,3,1028,105,59.780000000000001,0,1029,30,0,1,2,3,4,5,6,7,8,9,10,11,12,13,14,15,16,17,18,19,20,21,22,23,24,25,26,27,28,29,29,0,29,28,27,26,25,24,23,22,21,20,19,18,17,16,15,14,13,12,11,10,9,8,7,6,5,4,3,2,28,2,3,4,5,6,7,8,9,10,11,12,13,14,15,16,17,18,19,20,21,22,23,24,25,26,27,28,29,12,12,1,0,1,0,1,0,4,1003,1,2,1,2,1,2,1,2,4,1008,1,4,1,4,1,4,1,4,4,1013,1,6,1,6,1,6,1,6,4,1018,1,8,1,8,1,8,1,8,4,1023,1,10,1,10,1,10,1,10,4,1028,1,0
